competition_id,algorithm_id
2408,1
2435,2
2438,3
2439,4
2442,3
2445,4
2447,5
2448,3
2452,3
2454,4
2464,4
2467,5
2478,4
2479,6
2487,5
2488,7
2489,4
2496,8
2499,8
2509,9
2518,10
2549,4
2551,4
2552,2
2554,5
2555,5
2558,2
2559,5
2564,11
2589,5
2602,12
2606,6
2609,6
2658,13
2667,14
2711,4
2730,5
2732,15
2742,16
2748,17
2749,18
2752,4
2758,19
2762,20
2780,21
2799,19
2831,4
2840,8
2860,22
2863,23
2888,12
2889,7
2895,22
2917,24
2935,5
2947,19
2954,5
2958,16
2959,14
2963,5
2969,25
2975,26
2984,21
3023,4
3043,16
3046,19
3064,19
3065,27
3066,5
3080,19
3084,28
3090,5
3108,29
3112,5
3126,4
3152,21
3154,5
3163,4
3175,5
3193,20
3198,8
3199,5
3209,30
3211,29
3235,31
3238,20
3250,5
3272,20
3273,23
3288,19
3289,5
3294,32
3300,5
3316,8
3321,5
3337,4
3338,4
3342,7
3346,20
3353,4
3354,7
3362,20
3364,20
3366,20
3370,33
3377,21
3384,20
3385,5
3386,12
3403,8
3412,4
3428,20
3438,5
3439,20
3445,34
3446,35
3467,20
3469,4
3471,4
3477,5
3486,5
3493,8
3495,4
3497,20
3504,36
3507,4
3509,4
3517,4
3521,37
3524,4
3526,4
3532,36
3535,38
3539,35
3540,7
3582,20
3586,5
3599,8
3602,7
3611,37
3617,5
3634,39
3638,7
3641,20
3645,4
3649,20
3656,20
3670,40
3706,21
3729,20
3731,15
3756,7
3772,7
3774,4
3785,35
3788,20
3793,37
3800,41
3810,20
3814,4
3816,15
3843,20
3860,4
3861,20
3867,7
3879,4
3887,42
3888,5
3890,5
3891,5
3897,4
3903,4
3913,20
3926,4
3927,43
3928,35
3929,44
3930,20
3933,4
3934,21
3936,20
3940,20
3943,20
3947,20
3948,8
3949,4
3951,45
3953,7
3954,20
3959,7
3960,4
3966,46
3971,4
3973,47
3978,16
3984,21
3987,43
4000,34
4004,7
4024,4
4031,4
4032,7
4037,20
4043,4
4050,4
4054,35
4066,21
4080,5
4104,48
4107,5
4117,16
4120,21
4123,20
4125,20
4128,20
4167,4
4172,4
4174,5
4175,4
4184,5
4193,5
4194,43
4195,49
4209,4
4265,20
4272,5
4278,4
4280,50
4294,4
4315,7
4319,20
4332,8
4353,21
4360,43
4363,5
4366,4
4378,51
4383,8
4400,4
4406,5
4407,48
4413,4
4427,20
4438,21
4441,23
4447,20
4450,20
4451,7
4453,52
4455,20
4456,43
4458,50
4459,5
4466,35
4467,8
4470,35
4471,9
4477,41
4481,53
4485,35
4486,23
4487,4
4488,54
4493,4
4495,7
4504,15
4520,4
4521,50
4526,20
4554,20
4567,4
4568,35
4571,20
4588,50
4594,55
4603,5
4620,20
4650,56
4651,36
4654,50
4657,4
4676,43
4699,48
4704,57
4729,49
4746,58
4751,20
4754,43
4758,5
4770,4
4775,20
4794,20
4813,20
4816,4
4818,20
4821,20
4829,35
4837,20
4852,21
4853,5
4857,20
4860,7
4862,21
4879,5
4899,4
4901,5
4916,20
4938,20
4963,20
4973,20
4982,20
4986,4
4996,20
5001,5
5024,5
5033,20
5039,50
5043,4
5048,50
5056,53
5078,5
5080,7
5081,5
5100,20
5120,20
5127,4
5140,50
5144,59
5145,20
5167,4
5169,20
5171,5
5174,4
5183,20
5185,21
5186,53
5190,60
5200,9
5208,61
5215,5
5229,62
5232,4
5237,4
5255,5
5256,5
5260,8
5261,4
5266,5
5275,20
5286,4
5296,4
5303,7
5313,4
5314,20
5315,5
5320,5
5321,5
5325,7
5340,50
5341,4
5342,20
5343,5
5354,4
5357,63
5360,4
5371,48
5374,61
5385,5
5390,4
5400,4
5404,4
5408,50
5428,4
5441,21
5450,8
5485,50
5488,20
5497,53
5498,20
5499,4
5520,5
5532,20
5534,4
5548,5
5555,4
5558,53
5560,36
5562,35
5563,43
5566,20
5568,50
5579,4
5586,5
5589,7
5590,50
5618,50
5658,20
5674,4
5686,5
5693,35
5697,36
5708,20
5712,20
5719,4
5735,60
5742,4
5743,20
5777,7
5786,4
5812,7
5826,20
5827,5
5833,7
5846,4
5847,53
5860,53
5862,4
5865,5
5871,53
5874,64
5875,20
5881,63
5882,20
5896,20
5901,20
5903,20
5913,65
5915,50
5916,66
5923,4
5926,4
5933,20
5942,20
5977,67
5984,5
5988,4
5994,60
5999,4
6000,7
6003,4
6004,21
6008,21
6011,20
6013,7
6049,68
6067,4
6072,55
6097,4
6098,61
6100,21
6109,20
6116,46
6127,55
6152,5
6163,20
6176,20
6197,4
6207,61
6223,53
6231,20
6232,21
6241,36
6242,4
6243,50
6244,7
6252,20
6270,20
6274,5
6276,20
6277,21
6293,5
6295,50
6300,4
6312,20
6315,4
6322,52
6334,5
6341,4
6356,5
6387,20
6392,8
6404,5
6420,20
6422,20
6438,36
6443,4
6466,61
6467,4
6469,4
6476,4
6482,20
6483,20
6495,20
6513,20
6520,5
6535,48
6538,69
6539,69
6552,5
6565,70
6566,53
6570,20
6592,36
6615,61
6631,20
6644,35
6649,71
6666,20
6682,7
6708,20
6716,20
6727,20
6732,20
6733,20
6734,20
6736,20
6740,20
6747,5
6751,20
6754,20
6759,20
6762,20
6764,20
6766,35
6768,13
6775,21
6776,5
6799,72
6803,20
6818,53
6820,21
6834,20
6839,4
6841,50
6854,4
6864,73
6866,73
6867,73
6910,4
6911,53
6916,5
6920,8
6927,59
6944,4
6953,4
6960,8
6961,53
6963,4
6980,35
6983,4
6986,4
6988,52
7018,5
7042,20
7043,20
7046,20
7047,5
7050,20
7051,7
7057,20
7062,20
7082,9
7100,4
7104,20
7115,20
7126,20
7144,8
7162,4
7163,21
7165,5
7181,61
7187,35
7199,20
7214,20
7219,20
7249,5
7277,8
7283,20
7288,5
7294,4
7296,20
7299,74
7304,4
7305,20
7318,4
7327,50
7328,35
7339,36
7340,20
7362,20
7363,20
7372,5
7378,4
7380,21
7384,20
7391,75
7401,50
7403,5
7407,20
7413,20
7414,35
7417,5
7420,20
7425,7
7431,55
7436,5
7438,20
7442,63
7446,35
7450,5
7453,20
7456,68
7457,5
7463,7
7466,4
7468,5
7478,20
7497,4
7506,5
7516,50
7525,20
7529,7
7540,61
7555,5
7558,20
7559,8
7563,20
7565,63
7572,4
7574,7
7582,20
7592,55
7597,61
7599,36
7633,5
7634,20
7639,5
7654,36
7659,20
7664,20
7666,53
7669,46
7670,5
7682,7
7683,7
7686,20
7689,20
7693,4
7694,8
7697,5
7702,5
7705,5
7710,7
7711,7
7712,7
7713,7
7714,7
7715,7
7741,20
7747,5
7751,20
7752,20
7753,20
7764,2
7778,7
7785,20
7789,35
7795,61
7810,4
7811,61
7814,20
7816,35
7822,35
7823,21
7827,4
7828,35
7833,20
7835,20
7838,7
7843,20
7844,5
7846,20
7847,20
7859,4
7860,20
7864,20
7867,4
7878,76
7880,35
7886,21
7902,60
7904,5
7908,36
7914,4
7918,7
7919,5
7922,20
7925,61
7928,20
7929,20
7930,20
7932,20
7934,5
7936,5
7941,5
7952,8
7955,35
7968,77
7970,7
7979,20
7984,5
7991,4
7993,63
8009,4
8011,78
8027,5
8032,20
8048,5
8049,20
8050,20
8067,20
8069,20
8076,41
8078,79
8086,4
8089,80
8096,5
8098,7
8099,20
8137,53
8142,20
8144,45
8146,20
8149,20
8157,4
8170,20
8172,4
8219,52
8220,69
8222,65
8225,20
8226,53
8227,4
8229,53
8241,20
8243,69
8276,5
8277,20
8287,5
8288,7
8294,20
8303,5
8307,20
8310,21
8311,21
8316,53
8317,20
8365,20
8375,20
8377,20
8392,20
8396,53
8400,20
8409,5
8423,20
8426,4
8445,35
8449,20
8452,7
8461,20
8465,5
8469,65
8475,20
8480,5
8487,4
8497,4
8498,20
8511,5
8512,20
8514,4
8525,20
8538,69
8540,4
8563,4
8564,20
8569,4
8573,20
8578,20
8582,20
8586,5
8590,20
8600,20
8601,5
8606,20
8653,5
8657,5
8658,70
8665,4
8666,20
8672,20
8673,7
8679,5
8689,20
8694,20
8722,7
8731,36
8732,50
8736,69
8743,5
8754,20
8756,5
8758,53
8779,35
8782,21
8792,4
8801,20
8804,20
8811,4
8832,2
8853,4
8855,27
8857,53
8866,5
8885,20
8899,81
8900,53
8906,5
8910,1
8916,5
8933,5
8935,35
8937,36
8943,2
8947,20
8970,5
8991,5
9004,70
9010,5
9014,20
9015,50
9020,20
9023,5
9024,8
9033,20
9051,20
9057,35
9058,35
9075,35
9076,35
9096,20
9102,4
9106,5
9108,4
9113,5
9118,20
9120,4
9121,5
9129,5
9131,5
9133,5
9138,5
9139,5
9140,5
9141,5
9143,5
9144,5
9145,5
9146,5
9149,5
9150,5
9170,20
9181,5
9182,4
9188,20
9196,7
9198,7
9199,61
9209,5
9224,4
9232,5
9254,7
9256,20
9266,20
9284,35
9289,36
9300,4
9301,68
9311,20
9313,20
9318,35
9357,5
9359,20
9372,50
9378,4
9381,20
9388,4
9389,20
9390,5
9404,20
9405,21
9412,20
9422,82
9430,50
9435,4
9453,20
9461,5
9465,20
9473,5
9474,5
9475,5
9491,20
9498,69
9501,20
9511,20
9534,20
9538,61
9547,36
9550,20
9560,20
9568,7
9571,20
9590,20
9618,7
9619,5
9627,4
9664,20
9671,20
9688,4
9690,4
9701,4
9702,20
9703,20
9715,4
9717,8
9721,35
9722,8
9733,50
9741,20
9745,20
9748,82
9759,20
9760,35
9770,35
9792,4
9795,20
9814,4
9816,20
9823,20
9826,63
9827,63
9829,20
9840,39
9857,20
9859,20
9864,20
9876,20
9878,4
9891,63
9902,20
9915,20
9916,20
9917,20
9933,83
9940,20
9946,20
9948,7
9949,84
9951,85
9956,20
9962,5
9971,20
9978,35
9980,5
9982,4
9985,20
9986,35
9988,86
9992,4
9993,87
9994,8
9999,13
10001,5
10006,5
10012,20
10014,54
10025,20
10038,5
10039,35
10046,20
10047,20
10090,7
10093,20
10102,20
10110,88
10111,7
10113,20
10114,5
10117,20
10118,20
10128,20
10129,20
10134,21
10140,21
10141,5
10151,80
10155,53
10156,20
10160,5
10161,5
10166,7
10170,5
10171,8
10172,35
10189,50
10192,43
10194,7
10195,20
10200,53
10208,4
10214,4
10226,20
10228,88
10249,8
10270,5
10281,61
10296,20
10300,8
10306,20
10308,20
10335,7
10338,89
10343,5
10345,20
10356,20
10367,20
10382,20
10384,90
10385,4
10386,52
10389,20
10396,20
10402,4
10408,20
10418,39
10423,20
10445,5
10454,20
10456,41
10474,20
10475,20
10480,4
10483,20
10485,20
10493,4
10507,20
10518,7
10519,20
10523,5
10530,5
10538,5
10540,5
10541,5
10546,5
10547,5
10568,5
10582,8
10588,5
10592,5
10599,5
10604,4
10609,5
10610,5
10622,5
10625,5
10626,5
10633,20
10648,20
10675,4
10683,4
10684,63
10686,48
10690,20
10694,60
10700,91
10721,7
10733,92
10736,20
10737,93
10739,60
10741,20
10747,20
10754,5
10755,7
10756,36
10757,7
10796,36
10823,20
10838,5
10851,20
10854,20
10855,20
10856,20
10857,20
10858,7
10870,5
10874,4
10879,20
10888,20
10903,4
10924,20
10948,35
10955,20
10956,20
10962,5
10971,20
10973,4
10992,20
10994,20
10997,7
11000,7
11029,35
11036,20
11053,20
11055,20
11056,20
11058,7
11059,20
11064,5
11068,53
11070,35
11073,20
11074,7
11079,35
11081,20
11083,20
11094,5
11098,20
11102,20
11109,35
11116,5
11121,36
11132,5
11139,35
11156,4
11161,20
11167,4
11174,20
11185,20
11189,4
11190,36
11201,20
11223,20
11224,20
11225,5
11239,35
11243,5
11244,7
11260,20
11261,7
11264,5
11286,5
11293,5
11295,4
11297,5
11311,61
11317,20
11321,4
11325,5
11332,20
11346,50
11354,5
11355,5
11356,35
11369,35
11372,20
11376,5
11379,20
11383,4
11384,20
11392,35
11401,20
11405,4
11422,8
11433,59
11435,5
11438,4
11451,4
11454,5
11463,4
11466,5
11468,4
11469,20
11473,5
11475,35
11478,7
11487,20
11493,7
11494,20
11498,5
11501,4
11510,20
11532,4
11533,20
11541,20
11542,20
11547,20
11553,36
11554,35
11556,20
11562,20
11570,5
11574,20
11585,20
11587,4
11588,4
11601,20
11614,5
11625,35
11636,35
11643,7
11649,5
11673,5
11674,20
11679,7
11680,7
11681,7
11684,20
11708,35
11712,35
11714,60
11727,79
11738,61
11745,61
11746,50
11748,61
11749,5
11750,5
11754,35
11770,7
11774,20
11782,20
11785,20
11786,20
11787,20
11788,61
11789,20
11790,20
11792,20
11794,21
11802,20
11803,4
11806,20
11835,50
11836,68
11838,53
11842,20
11848,4
11851,35
11880,4
11914,20
11947,60
11951,5
11955,35
11960,5
11972,35
11981,94
11982,20
11988,20
11992,60
11993,8
11994,20
11999,21
12000,21
12007,61
12009,4
12016,20
12018,4
12020,20
12040,4
12048,35
12054,7
12061,21
12065,20
12073,20
12074,20
12078,4
12081,7
12082,7
12083,7
12085,7
12088,53
12089,20
12093,20
12094,5
12098,86
12102,20
12110,53
12112,20
12114,20
12122,7
12133,39
12142,35
12146,4
12152,4
12167,20
12168,20
12171,20
12178,20
12187,20
12208,70
12223,20
12232,4
12233,43
12234,5
12236,7
12245,20
12270,35
12292,5
12305,53
12307,20
12313,20
12327,20
12329,77
12335,20
12343,61
12349,20
12354,53
12357,20
12358,20
12359,20
12363,50
12366,5
12367,60
12371,60
12374,60
12379,50
12386,35
12399,5
12401,5
12417,20
12427,20
12428,4
12432,20
12437,95
12441,95
12442,95
12459,5
12464,5
12483,5
12488,21
12495,20
12496,20
12500,96
12506,4
12512,4
12543,20
12546,35
12552,5
12558,4
12572,20
12573,20
12594,82
12598,20
12611,20
12631,53
12633,60
12649,5
12652,20
12653,20
12654,5
12655,4
12659,5
12666,60
12681,20
12686,5
12705,5
12708,20
12716,97
12717,20
12718,53
12719,53
12720,20
12722,35
12724,4
12727,63
12731,20
12733,50
12739,4
12742,4
12743,4
12750,4
12758,4
12760,20
12797,50
12801,20
12805,5
12840,5
12844,82
12845,5
12851,5
12863,98
12871,7
12872,61
12874,5
12885,20
12895,35
12896,4
12904,4
12906,4
12909,5
12911,5
12915,35
12919,5
12920,5
12927,5
12930,5
12940,20
12941,35
12943,35
12944,35
12952,20
12953,5
12954,5
12961,39
12964,5
12968,5
12971,41
12974,20
12979,5
12987,4
13000,4
13005,4
13009,35
13012,20
13020,20
13030,5
13032,99
13034,20
13036,20
13037,5
13050,5
13058,60
13077,4
13078,20
13079,20
13082,4
13084,8
13091,20
13092,20
13093,79
13100,5
13101,5
13121,35
13122,20
13124,5
13125,5
13137,5
13157,69
13162,4
13172,20
13177,4
13180,4
13204,48
13211,5
13212,5
13215,20
13216,20
13221,20
13222,20
13226,5
13232,20
13236,5
13242,20
13244,5
13248,5
13250,20
13251,52
13252,20
13255,4
13256,4
13257,4
13259,4
13261,5
13265,5
13269,20
13270,20
13275,20
13276,20
13277,20
13280,5
13284,20
13287,20
13292,8
13296,52
13307,35
13310,36
13319,5
13320,53
13322,20
13333,59
13334,69
13336,5
13337,20
13338,5
13339,20
13346,35
13351,20
13353,20
13357,20
13362,20
13363,79
13375,4
13383,20
13399,20
13406,35
13407,5
13432,43
13434,20
13435,4
13439,20
13441,4
13449,5
13451,100
13457,5
13458,35
13471,20
13481,61
13482,4
13485,20
13498,4
13503,20
13512,35
13518,20
13531,20
13549,20
13552,4
13558,20
13562,5
13565,59
13566,20
13567,43
13574,79
13576,5
13578,101
13579,20
13599,35
13601,20
13604,60
13606,20
13610,36
13611,20
13620,4
13621,20
13634,35
13639,20
13640,20
13646,21
13658,43
13660,5
13662,4
13663,69
13669,5
13670,5
13671,20
13675,53
13676,20
13690,20
13691,35
13717,20
13720,43
13722,20
13733,20
13741,20
13746,5
13747,69
13751,20
13767,61
13769,41
13770,4
13771,53
13772,102
13773,69
13781,20
13785,35
13786,5
13788,20
13795,20
13800,20
13807,5
13811,20
13814,5
13815,4
13826,4
13827,4
13836,20
13837,20
13848,20
13853,20
13857,43
13870,7
13876,20
13878,5
13881,5
13896,60
13899,20
13903,20
13913,5
13929,20
13937,5
13941,20
13942,20
13943,4
13952,20
13963,35
13971,36
13979,103
13984,5
13986,20
13990,5
13992,5
13993,5
13994,5
13998,4
13999,60
14013,20
14030,4
14043,43
14047,8
14048,20
14054,4
14056,4
14065,20
14070,20
14073,20
14078,43
14079,20
14083,35
14086,35
14097,5
14101,4
14107,4
14108,4
14112,35
14117,36
14127,20
14128,20
14136,5
14139,59
14140,4
14144,20
14145,20
14147,21
14151,5
14156,20
14159,35
14169,20
14182,20
14193,35
14195,4
14209,5
14212,20
14214,4
14219,20
14233,4
14237,20
14239,4
14240,5
14241,59
14242,4
14245,20
14248,20
14253,5
14259,20
14267,5
14268,20
14276,21
14279,36
14282,20
14288,7
14294,5
14295,35
14312,20
14313,104
14315,84
14316,85
14318,4
14325,5
14330,20
14331,35
14333,60
14336,35
14341,61
14345,20
14350,20
14384,4
14389,43
14405,20
14420,20
14422,5
14424,41
14429,35
14434,20
14440,20
14442,20
14445,5
14451,4
14453,20
14461,20
14469,35
14476,20
14481,20
14482,20
14486,60
14496,20
14497,20
14499,20
14501,4
14502,59
14507,20
14508,20
14520,20
14522,4
14539,20
14540,35
14541,20
14544,20
14545,20
14549,35
14556,20
14573,4
14579,20
14595,1
14606,35
14611,5
14612,9
14619,20
14627,46
14629,8
14642,5
14647,20
14652,105
14661,20
14666,20
14668,5
14672,5
14681,61
14682,5
14688,20
14689,20
14691,20
14697,20
14698,20
14710,4
14711,20
14716,8
14720,8
14728,20
14745,35
14747,35
14749,20
14750,5
14752,20
14754,20
14756,20
14762,20
14771,4
14774,48
14777,21
14778,21
14787,4
14790,4
14793,5
14794,20
14804,20
14807,35
14809,20
14813,60
14820,20
14828,20
14834,48
14836,55
14845,35
14852,20
14858,20
14859,5
14867,20
14872,13
14876,21
14887,4
14894,5
14897,79
14898,7
14909,50
14915,5
14938,4
14959,55
14967,21
14976,7
14982,4
14999,4
15010,20
15020,20
15021,35
15024,5
15033,20
15039,4
15043,106
15046,20
15050,4
15057,102
15062,107
15068,7
15079,5
15082,20
15088,7
15089,20
15102,5
15105,4
15113,5
15120,8
15128,4
15130,5
15142,5
15153,60
15155,5
15157,5
15165,4
15171,21
15173,4
15177,5
15178,21
15179,4
15183,20
15193,20
15207,4
15208,4
15209,4
15214,61
15217,20
15218,4
15234,20
15243,4
15274,5
15277,61
15279,7
15281,4
15286,5
15287,20
15288,20
15292,7
15293,59
15294,4
15306,4
15319,20
15331,4
15336,20
15339,20
15347,20
15356,35
15372,20
15376,20
15383,5
15397,11
15414,5
15416,20
15439,20
15447,20
15450,61
15451,20
15465,4
15470,5
15472,20
15474,5
15477,20
15479,4
15482,5
15483,5
15488,5
15492,5
15496,5
15500,20
15504,20
15515,5
15518,5
15523,4
15623,7
15624,5
15627,20
15643,5
15657,51
15670,20
15671,20
15678,20
15689,5
15696,49
15711,4
15716,20
15717,5
15723,4
15733,4
15745,82
15746,20
15749,5
15768,108
15778,20
15780,20
15786,20
15789,61
15793,20
15813,20
15823,20
15836,4
15838,20
15845,20
15848,5
15865,20
15870,4
15909,20
15963,20
15965,5
15972,95
15975,5
15982,20
15984,5
16011,20
16017,20
16018,20
16037,4
16058,5
16074,20
16097,79
16103,36
16111,4
16116,20
16117,4
16122,4
16127,5
16135,20
16160,7
16180,7
16197,5
16198,4
16200,20
16203,20
16208,20
16211,35
16213,4
16214,4
16216,20
16226,20
16229,60
16234,5
16236,7
16245,15
16246,20
16252,5
16253,20
16270,5
16271,7
16273,7
16276,5
16277,20
16283,20
16285,20
16286,5
16287,4
16294,20
16295,109
16296,35
16297,20
16299,4
16300,60
16303,20
16311,5
16315,35
16317,4
16319,4
16337,20
16340,20
16345,20
16348,60
16351,60
16361,5
16371,20
16375,61
16379,20
16385,5
16396,20
16398,4
16404,20
16431,5
16432,20
16433,5
16435,5
16443,36
16451,53
16461,20
16463,4
16469,20
16476,20
16504,5
16520,20
16529,20
16531,48
16535,5
16536,20
16537,20
16539,4
16549,7
16560,4
16567,20
16572,60
16573,5
16576,4
16577,4
16583,4
16588,35
16595,5
16599,5
16600,102
16601,20
16604,20
16606,8
16613,20
16616,60
16634,79
16639,7
16641,5
16642,20
16643,20
16647,1
16648,5
16650,20
16652,20
16656,20
16660,8
16661,4
16668,5
16669,7
16674,21
16681,20
16687,20
16707,20
16710,20
16712,20
16718,5
16739,35
16740,20
16747,20
16748,20
16759,70
16777,43
16778,4
16780,35
16787,43
16788,4
16792,4
16794,20
16795,20
16797,61
16799,4
16800,20
16801,20
16802,20
16804,4
16812,7
16814,4
16822,5
16824,7
16838,4
16847,7
16854,20
16856,35
16858,20
16864,5
16865,20
16867,5
16869,7
16880,21
16900,5
16901,35
16902,70
16916,20
16927,36
16940,50
16952,20
16954,20
16958,5
16966,36
16968,35
16972,20
16981,20
16982,20
16990,4
17000,4
17002,5
17004,20
17010,4
17013,4
17014,20
17017,7
17018,20
17024,5
17026,20
17028,5
17029,5
17030,5
17031,5
17034,5
17040,8
17051,5
17057,20
17063,5
17065,4
17072,4
17077,35
17101,43
17104,20
17106,20
17108,21
17109,4
17128,20
17129,20
17135,20
17136,20
17143,7
17145,35
17158,20
17160,20
17161,5
17162,20
17165,35
17167,7
17175,5
17177,20
17190,5
17193,8
17213,5
17216,20
17218,35
17221,4
17223,43
17224,43
17227,43
17233,110
17234,5
17235,5
17240,20
17255,35
17259,35
17271,5
17273,7
17286,20
17299,7
17301,20
17304,20
17313,5
17314,8
17321,20
17329,20
17330,20
17337,20
17339,5
17341,20
17343,20
17344,5
17351,35
17359,5
17367,5
17369,5
17371,20
17372,20
17374,20
17378,7
17379,20
17380,20
17381,20
17382,20
17383,20
17384,20
17391,35
17399,20
17408,36
17424,5
17425,20
17427,20
17428,5
17439,20
17450,5
17455,35
17458,7
17463,20
17466,61
17472,20
17476,35
17483,20
17495,20
17502,5
17509,20
17510,8
17514,5
17530,70
17535,61
17536,7
17538,53
17554,20
17557,36
17562,21
17572,20
17575,5
17578,20
17580,20
17585,5
17586,35
17588,20
17590,60
17593,53
17596,5
17597,20
17599,20
17600,4
17601,20
17623,82
17628,35
17635,60
17636,20
17639,35
17640,7
17644,5
17649,7
17660,20
17674,20
17681,60
17683,35
17684,7
17687,5
17689,20
17691,4
17692,4
17699,7
17702,7
17703,20
17705,20
17715,5
17719,5
17720,5
17722,20
17723,20
17724,43
17725,43
17729,43
17739,20
17742,4
17743,8
17744,20
17746,60
17751,53
17754,4
17756,20
17760,20
17762,4
17764,20
17773,53
17775,7
17778,5
17779,35
17781,5
17782,5
17784,5
17787,20
17797,20
17800,111
17804,35
17805,5
17806,35
17807,4
17809,4
17812,53
17815,20
17823,7
17824,5
17828,20
17829,20
17836,102
17847,35
17848,4
17850,5
17859,1
17862,4
17863,20
17867,5
17875,20
17876,20
17885,5
17888,8
17914,4
17915,20
17923,20
17927,20
17928,5
17934,20
17941,35
17943,35
17947,20
17950,5
17952,5
17972,43
17984,20
17985,4
17986,35
17990,20
17991,4
17997,5
18005,70
18011,112
18013,53
18019,50
18025,20
18032,4
18045,39
18046,61
18065,20
18066,20
18069,20
18072,20
18074,20
18076,82
18077,20
18078,20
18079,4
18080,43
18081,43
18086,20
18088,20
18103,5
18110,5
18118,36
18119,20
18122,35
18126,5
18129,8
18138,20
18139,35
18146,20
18147,20
18151,21
18177,20
18179,53
18182,5
18183,8
18191,35
18204,4
18211,52
18223,5
18231,4
18232,20
18233,4
18237,113
18241,20
18243,53
18245,20
18248,5
18251,20
18255,36
18256,8
18264,61
18276,5
18278,39
18280,53
18281,5
18294,20
18296,7
18297,20
18301,20
18306,58
18308,5
18313,20
18323,77
18325,5
18326,11
18329,69
18333,53
18339,5
18355,20
18367,20
18369,5
18379,5
18401,5
18418,61
18423,4
18429,5
18431,35
18438,82
18439,20
18441,35
18455,5
18458,20
18459,20
18461,20
18465,20
18473,5
18475,20
18476,20
18482,20
18483,20
18484,20
18486,20
18493,20
18497,20
18499,61
18505,1
18506,20
18511,20
18524,4
18525,20
18532,20
18533,20
18550,4
18567,20
18568,7
18576,65
18588,20
18599,114
18600,115
18601,21
18602,21
18605,20
18612,60
18614,4
18626,52
18627,39
18629,69
18631,7
18632,7
18643,61
18646,20
18647,48
18648,41
18652,7
18655,20
18671,20
18678,21
18680,21
18685,116
18690,20
18691,5
18692,20
18695,5
18704,20
18724,43
18728,4
18762,20
18767,70
18769,4
18780,4
18784,20
18785,35
18789,4
18807,20
18808,20
18809,4
18810,20
18814,59
18823,35
18828,35
18847,61
18849,20
18850,20
18877,21
18879,20
18885,20
18894,20
18905,20
18906,20
18907,20
18908,20
18920,5
18924,55
18927,20
18935,35
18944,5
18945,4
18956,20
18971,20
18974,20
18976,60
18977,43
18978,5
18983,7
18994,20
19010,43
19013,4
19016,5
19018,4
19020,4
19025,20
19030,20
19045,35
19052,7
19059,7
19062,61
19067,4
19073,21
19079,20
19087,5
19093,5
19097,5
19103,5
19109,60
19112,4
19114,20
19115,8
19126,43
19130,4
19131,35
19134,20
19147,20
19157,4
19160,5
19164,20
19167,5
19171,61
19175,20
19179,20
19181,20
19190,20
19205,84
19214,20
19221,5
19226,20
19231,68
19233,116
19236,20
19237,20
19244,7
19262,35
19263,20
19265,20
19266,20
19272,60
19277,4
19281,5
19282,4
19284,35
19285,20
19286,39
19300,20
19302,61
19307,5
19312,20
19321,21
19322,35
19323,5
19333,86
19337,4
19341,4
19342,4
19343,20
19344,20
19345,4
19358,20
19368,82
19375,4
19376,9
19377,43
19385,20
19386,5
19390,5
19391,20
19395,35
19396,21
19416,20
19419,61
19433,82
19439,20
19444,61
19449,35
19450,20
19453,20
19454,20
19460,4
19465,20
19466,5
19471,36
19474,35
19479,5
19483,27
19512,20
19522,20
19523,65
19524,61
19527,60
19539,74
19540,5
19545,20
19548,74
19591,20
19596,52
19608,5
19610,20
19612,35
19613,20
19620,61
19622,58
19626,20
19628,20
19629,20
19631,5
19635,5
19640,5
19646,20
19652,35
19654,35
19670,36
19671,20
19678,5
19680,5
19690,7
19693,5
19699,20
19702,74
19704,20
19707,61
19708,35
19712,95
19726,5
19733,61
19754,79
19755,7
19772,36
19773,5
19804,60
19805,4
19818,20
19820,20
19821,61
19825,20
19827,43
19828,35
19839,53
19844,35
19853,74
19856,20
19866,4
19874,5
19877,1
19882,35
19884,35
19887,20
19893,5
19895,5
19897,20
19902,35
19924,7
19933,20
19946,20
19955,5
19959,20
19965,7
19976,4
19983,35
19988,117
19989,89
19990,107
19991,56
19995,79
19997,20
20009,106
20010,74
20018,35
20021,20
20023,7
20027,20
20028,5
20031,4
20032,50
20036,5
20043,20
20046,20
20048,5
20049,4
20051,5
20057,20
20059,5
20064,20
20069,20
20071,36
20072,20
20075,20
20078,20
20079,8
20082,5
20084,21
20085,60
20090,20
20091,20
20092,60
20096,50
20112,20
20126,61
20129,61
20131,50
20132,70
20139,20
20140,102
20144,20
20149,5
20159,52
20161,5
20166,61
20170,5
20182,61
20192,36
20194,20
20200,7
20209,5
20210,5
20211,5
20212,5
20214,5
20216,20
20219,35
20220,35
20221,20
20223,20
20230,20
20242,20
20266,39
20268,8
20270,41
20274,35
20288,20
20289,20
20291,5
20292,20
20304,5
20305,60
20313,5
20314,20
20315,36
20326,5
20331,70
20339,20
20341,4
20350,20
20354,20
20356,20
20357,20
20358,20
20362,20
20366,20
20370,5
20376,20
20378,79
20384,20
20386,20
20389,7
20396,21
20402,13
20407,5
20410,20
20419,20
20439,20
20441,5
20444,20
20452,60
20454,60
20455,60
20460,20
20464,20
20467,20
20469,35
20475,118
20480,20
20483,61
20486,20
20501,5
20516,39
20519,5
20520,35
20525,20
20526,5
20530,20
20532,39
20533,39
20540,5
20542,20
20543,20
20545,20
20553,4
20562,61
20564,20
20565,35
20568,61
20569,61
20571,61
20575,20
20578,59
20580,20
20581,20
20585,20
20593,5
20596,5
20597,20
20600,20
20604,119
20605,35
20612,4
20622,4
20627,20
20638,4
20641,5
20643,61
20645,41
20646,20
20648,20
20649,5
20650,20
20662,4
20667,60
20668,60
20669,7
20670,20
20675,60
20677,5
20678,5
20685,79
20694,35
20702,20
20707,4
20711,4
20721,1
20729,70
20739,20
20760,20
20761,20
20762,20
20769,5
20772,4
20774,20
20798,5
20819,61
20829,36
20832,20
20836,20
20845,5
20850,53
20856,43
20858,35
20859,20
20863,20
20864,20
20865,4
20866,43
20869,20
20874,4
20879,4
20883,20
20885,20
20900,4
20907,5
20908,61
20910,35
20911,20
20912,5
20914,5
20915,35
20916,20
20917,20
20919,20
20921,20
20923,20
20925,5
20926,5
20927,60
20932,5
20935,20
20936,5
20942,5
20945,5
20947,5
20948,35
20949,20
20951,5
20953,20
20958,35
20961,5
20963,20
20965,5
20970,5
20972,5
20974,5
20975,20
20980,39
20982,5
20983,20
20986,5
20988,20
20990,5
21002,20
21003,5
21004,5
21005,20
21006,20
21007,5
21012,5
21015,4
21016,5
21017,5
21024,35
21025,21
21026,20
21031,5
21032,5
21033,5
21036,20
21037,5
21038,20
21040,20
21041,5
21046,20
21047,20
21054,5
21062,5
21074,5
21076,41
21077,20
21078,20
21079,5
21081,5
21082,20
21085,20
21086,20
21088,20
21089,20
21090,5
21091,20
21092,5
21094,20
21095,5
21100,60
21102,5
21103,20
21105,4
21106,20
21110,20
21111,5
21115,5
21118,61
21119,20
21120,4
21124,20
21125,5
21126,20
21128,5
21130,5
21133,5
21134,5
21135,5
21138,7
21139,5
21143,20
21144,20
21147,5
21148,5
21150,5
21156,20
21160,5
21163,35
21164,20
21169,20
21179,60
21181,5
21183,20
21184,20
21188,5
21191,20
21192,82
21199,5
21210,20
21211,20
21222,1
21223,5
21229,4
21231,5
21232,20
21233,5
21235,20
21236,5
21237,20
21243,5
21250,5
21251,20
21252,20
21253,20
21255,61
21256,5
21258,20
21260,5
21261,5
21263,20
21264,20
21266,5
21268,5
21271,5
21273,5
21274,5
21277,5
21278,5
21279,5
21281,5
21282,35
21283,20
21290,35
21291,5
21292,20
21294,20
21295,5
21298,5
21299,5
21300,20
21302,4
21303,5
21304,35
21305,5
21310,20
21312,5
21313,5
21314,5
21315,5
21318,5
21320,5
21321,20
21323,20
21324,5
21325,20
21326,5
21328,20
21329,5
21330,5
21332,5
21335,5
21336,5
21337,5
21338,5
21340,20
21341,5
21342,20
21343,5
21345,5
21346,5
21347,20
21348,5
21350,20
21351,20
21361,5
21368,21
21383,20
21385,5
21389,5
21392,20
21399,20
21408,61
21418,20
21419,20
21424,20
21426,5
21431,5
21434,4
21443,50
21461,20
21467,5
21483,39
21485,35
21498,7
21502,7
21504,20
21524,20
21527,20
21528,20
21529,20
21530,20
21531,20
21533,20
21535,61
21537,20
21540,20
21561,20
21572,41
21583,35
21587,35
21591,4
21603,5
21610,20
21619,5
21623,4
21626,61
21629,5
21633,27
21638,60
21641,20
21649,5
21651,4
21662,20
21668,20
21669,91
21685,43
21686,8
21702,20
21704,20
21707,4
21723,120
21728,35
21729,7
21734,61
21745,117
21760,20
21762,20
21763,5
21769,20
21770,20
21771,5
21772,20
21773,20
21792,39
21802,60
21810,20
21813,20
21819,20
21824,4
21835,20
21837,5
21848,70
21849,20
21858,7
21875,60
21887,82
21892,20
21899,61
21906,5
21929,70
21934,4
21946,8
21947,5
21961,5
21967,5
21969,5
21974,43
21984,21
22000,20
22001,43
22011,5
22016,20
22020,20
22021,20
22032,20
22035,35
22040,116
22048,21
22058,5
22060,20
22065,4
22088,7
22091,60
22099,4
22102,20
22106,20
22111,30
22112,35
22113,20
22122,107
22123,20
22132,35
22136,4
22143,5
22154,4
22165,20
22174,8
22184,61
22194,20
22197,4
22210,5
22216,5
22220,39
22231,5
22242,20
22245,5
22246,70
22247,70
22254,61
22263,8
22265,5
22266,5
22283,20
22284,20
22292,20
22304,20
22306,20
22307,100
22338,61
22350,20
22351,20
22353,20
22355,5
22359,4
22373,20
22374,20
22378,20
22382,20
22385,8
22389,7
22392,39
22394,20
22407,20
22411,60
22414,20
22415,20
22416,20
22417,4
22422,43
22426,20
22439,20
22441,82
22444,4
22450,20
22454,21
22463,5
22473,70
22477,20
22493,7
22498,60
22499,61
22510,20
22511,60
22512,8
22513,9
22518,60
22522,20
22531,59
22533,8
22541,4
22544,36
22545,4
22546,7
22554,86
22557,82
22559,121
22565,39
22572,20
22573,5
22586,5
22597,5
22599,5
22607,20
22615,82
22618,5
22620,20
22622,5
22627,39
22630,20
22633,5
22636,4
22643,5
22646,5
22652,5
22654,5
22657,53
22661,61
22663,5
22668,4
22669,4
22683,20
22696,20
22697,35
22699,8
22703,35
22704,20
22707,20
22715,4
22717,20
22720,20
22722,5
22723,8
22724,7
22725,7
22726,8
22728,5
22731,5
22738,20
22739,4
22748,35
22754,20
22757,20
22759,20
22760,20
22765,5
22774,35
22775,20
22782,35
22804,116
22806,112
22807,20
22810,4
22821,20
22825,20
22829,21
22838,122
22855,20
22859,20
22860,5
22863,20
22866,20
22872,21
22873,20
22874,20
22881,4
22899,20
22901,20
22904,20
22916,5
22918,5
22919,20
22923,5
22930,20
22931,20
22936,20
22939,39
22940,5
22955,20
22956,8
22958,5
22960,4
22961,2
22962,53
22983,35
22985,5
22987,35
22990,59
22995,20
22998,20
23010,20
23016,7
23020,5
23037,39
23050,61
23074,39
23079,20
23081,20
23086,4
23087,79
23088,35
23099,20
23103,7
23107,61
23109,5
23110,7
23111,20
23120,4
23137,5
23166,4
23182,4
23203,20
23209,20
23222,20
23224,7
23232,20
23233,20
23249,4
23250,20
23256,7
23263,20
23278,35
23285,20
23287,20
23291,61
23292,4
23294,4
23299,7
23301,5
23304,123
23313,5
23317,5
23320,36
23322,20
23324,4
23327,8
23329,7
23339,4
23341,5
23350,5
23351,5
23353,39
23355,4
23358,20
23367,4
23380,20
23382,43
23383,5
23389,20
23390,43
23401,5
23405,20
23409,5
23410,4
23411,4
23412,5
23415,5
23423,20
23424,20
23450,61
23452,61
23457,7
23473,35
23476,5
23478,20
23486,35
23491,20
23496,59
23508,4
23511,35
23520,20
23521,20
23522,5
23523,20
23525,20
23526,20
23527,4
23538,5
23548,20
23549,20
23550,61
23556,5
23558,102
23563,20
23585,20
23593,8
23600,20
23601,5
23611,20
23613,20
23614,5
23622,7
23623,20
23633,61
23637,20
23638,60
23652,4
23661,5
23662,4
23665,36
23674,4
23675,35
23678,4
23679,63
23682,20
23685,58
23686,61
23700,20
23710,4
23717,4
23721,35
23725,35
23733,20
23735,20
23738,55
23740,35
23742,5
23755,20
23758,20
23764,20
23775,20
23777,35
23791,20
23793,5
23796,4
23800,7
23805,61
23812,39
23814,4
23823,106
23825,20
23831,70
23836,7
23837,61
23846,61
23847,5
23862,36
23870,41
23871,4
23888,53
23899,5
23900,4
23906,7
23914,4
23915,4
23916,4
23917,4
23918,4
23919,4
23920,4
23924,20
23926,4
23928,4
23932,4
23934,20
23936,20
23945,43
23946,43
23948,5
23950,5
23951,5
23954,5
23957,20
23967,82
23970,20
23974,50
23975,4
23980,20
23982,35
23985,20
23991,5
23992,39
24009,5
24015,82
24023,8
24026,20
24028,5
24032,20
24034,20
24039,5
24040,5
24042,55
24044,82
24045,20
24047,5
24048,20
24050,20
24064,5
24068,53
24074,20
24076,35
24078,20
24079,20
24082,5
24084,9
24086,20
24094,20
24099,39
24103,53
24104,53
24107,53
24117,7
24121,9
24123,20
24125,20
24140,20
24141,20
24142,35
24147,35
24149,5
24150,4
24153,21
24161,20
24163,20
24171,61
24181,53
24184,35
24185,60
24201,53
24212,21
24214,20
24215,20
24227,5
24230,61
24232,5
24233,4
24235,20
24236,20
24237,39
24240,20
24241,5
24245,61
24251,20
24252,7
24257,39
24262,20
24263,5
24265,20
24270,5
24276,35
24277,35
24280,53
24281,7
24282,7
24286,35
24293,7
24296,61
24298,5
24301,4
24307,21
24309,79
24310,20
24311,5
24313,20
24323,7
24325,20
24327,13
24334,4
24348,4
24356,20
24373,63
24377,20
24380,20
24392,5
24397,20
24410,20
24420,4
24421,20
24429,5
24439,20
24445,20
24455,20
24462,5
24463,4
24464,20
24469,4
24475,20
24492,70
24494,20
24500,5
24512,5
24514,61
24517,9
24521,5
24531,4
24532,36
24534,46
24535,5
24539,124
24540,20
24541,60
24549,20
24551,21
24557,20
24563,20
24567,20
24568,60
24581,35
24607,5
24617,4
24626,20
24635,35
24636,35
24637,35
24638,35
24642,50
24649,4
24652,4
24655,20
24665,60
24671,5
24673,5
24678,61
24679,20
24682,20
24683,20
24689,20
24691,21
24699,20
24706,95
24707,60
24708,35
24709,20
24710,20
24714,4
24716,43
24721,50
24726,82
24728,4
24732,39
24734,61
24735,20
24737,20
24740,20
24741,43
24746,52
24747,5
24750,20
24752,5
24753,20
24754,82
24755,5
24759,4
24761,59
24764,5
24772,69
24776,20
24778,20
24780,4
24796,20
24798,20
24800,84
24805,5
24830,20
24838,53
24840,20
24853,20
24854,35
24859,4
24867,20
24883,5
24886,39
24891,5
24892,90
24898,20
24903,35
24904,20
24905,60
24907,20
24911,46
24935,36
24938,82
24939,20
24944,20
24950,5
24951,5
24952,20
24968,20
24969,21
24982,4
25017,5
25021,27
25023,61
25046,5
25059,20
25060,35
25066,20
25070,39
25072,7
25073,4
25078,82
25108,20
25120,20
25123,20
25133,20
25174,20
25191,4
25197,20
25199,5
25212,7
25220,39
25225,5
25226,4
25232,35
25258,69
25261,20
25288,5
25291,20
25297,20
25299,7
25301,4
25302,4
25303,20
25313,4
25321,5
25335,39
25341,7
25343,5
25344,20
25346,4
25347,20
25348,20
25349,20
25360,4
25376,20
25380,35
25381,35
25383,5
25389,4
25398,20
25401,125
25404,20
25414,20
25424,4
25440,61
25452,7
25458,7
25459,7
25479,20
25480,5
25487,20
25502,61
25508,35
25513,20
25518,20
25519,5
25520,20
25521,41
25528,82
25530,20
25558,39
25563,35
25572,20
25579,5
25580,7
25587,20
25590,20
25594,5
25595,35
25596,20
25608,20
25612,20
25613,20
25619,35
25622,20
25625,5
25629,39
25640,5
25656,20
25657,20
25667,20
25673,7
25677,39
25680,60
25684,5
25688,113
25690,39
25697,20
25698,69
25720,20
25722,20
25724,20
25728,5
25731,20
25737,5
25745,20
25752,61
25763,5
25766,20
25781,5
25787,20
25796,5
25798,39
25801,35
25808,20
25809,5
25828,20
25829,20
25841,20
25842,60
25848,5
25852,20
25863,5
25867,35
25874,20
25875,20
25876,20
25877,20
25879,20
25880,20
25887,21
25902,20
25908,61
25914,5
25925,126
25940,4
25943,35
25944,39
25950,20
25951,116
25954,52
25964,35
25974,5
25980,53
25981,20
25983,5
25984,20
25990,7
25991,60
25993,35
26000,20
26001,61
26002,20
26035,60
26036,35
26045,20
26046,20
26049,13
26050,20
26051,20
26069,5
26074,61
26078,5
26079,21
26080,21
26082,5
26083,5
26089,4
26101,5
26102,5
26110,20
26124,35
26132,39
26146,35
26167,8
26169,20
26171,4
26178,60
26183,53
26184,4
26186,39
26188,20
26192,20
26196,20
26202,20
26205,20
26209,20
26211,20
26217,20
26218,20
26219,20
26223,8
26238,1
26259,70
26277,35
26284,20
26288,61
26290,39
26305,20
26317,35
26319,20
26325,46
26327,82
26338,7
26342,8
26343,20
26347,5
26348,4
26357,5
26358,61
26370,4
26372,4
26376,7
26421,46
26423,20
26428,20
26429,7
26431,20
26443,20
26445,5
26447,20
26448,20
26452,20
26454,20
26464,79
26470,60
26475,20
26478,20
26479,50
26480,50
26491,4
26494,35
26499,5
26512,35
26518,20
26530,5
26545,20
26548,39
26553,4
26555,43
26562,20
26572,4
26578,7
26579,21
26580,20
26587,4
26597,20
26600,35
26607,4
26609,4
26611,35
26618,4
26622,5
26628,20
26630,20
26633,61
26639,20
26642,35
26646,60
26648,20
26651,20
26658,20
26659,35
26663,20
26664,21
26668,20
26680,84
26685,5
26687,7
26688,8
26691,4
26692,20
26693,5
26694,5
26700,5
26707,20
26710,4
26717,20
26720,35
26729,20
26742,35
26743,20
26748,20
26757,21
26761,20
26773,35
26775,5
26778,43
26781,20
26784,4
26787,4
26788,60
26792,4
26794,20
26795,59
26808,53
26809,4
26811,20
26812,4
26817,20
26819,20
26821,39
26830,20
26831,4
26834,5
26836,4
26845,20
26848,4
26858,7
26861,20
26872,20
26873,20
26875,20
26879,35
26880,20
26889,4
26890,5
26894,60
26895,5
26904,20
26914,35
26919,20
26923,20
26932,20
26933,127
26936,4
26937,35
26938,4
26940,7
26943,35
26945,43
26959,20
26967,20
26976,20
26977,20
26981,4
26983,5
26984,74
26987,35
26991,43
27000,5
27007,20
27011,4
27014,20
27015,5
27032,20
27033,20
27035,20
27036,4
27037,20
27038,5
27039,4
27040,4
27041,4
27046,20
27051,7
27057,20
27074,4
27075,20
27079,5
27086,20
27087,5
27091,20
27097,20
27099,5
27114,8
27124,35
27126,35
27128,20
27132,20
27133,4
27138,4
27140,59
27141,20
27149,20
27150,102
27151,35
27154,35
27169,20
27175,20
27177,4
27180,43
27187,5
27189,5
27198,20
27201,20
27209,20
27215,7
27227,4
27231,20
27233,55
27236,21
27257,20
27260,5
27263,20
27282,20
27289,20
27290,20
27306,4
27312,5
27314,20
27318,20
27322,7
27323,5
27327,61
27333,61
27349,35
27354,5
27355,20
27356,20
27370,4
27374,39
27377,39
27379,5
27391,20
27395,7
27400,36
27418,21
27419,20
27420,20
27422,20
27426,5
27429,60
27434,4
27438,39
27441,20
27453,53
27465,70
27467,61
27472,70
27474,20
27483,53
27520,7
27527,13
27528,9
27543,20
27560,20
27570,20
27575,20
27616,39
27618,7
27623,20
27624,4
27625,20
27638,20
27639,4
27641,20
27643,5
27644,20
27647,20
27655,20
27662,20
27672,20
27696,20
27697,20
27700,20
27711,20
27713,20
27714,61
27719,43
27723,5
27732,20
27734,20
27736,20
27737,7
27738,5
27741,5
27745,70
27747,13
27748,4
27750,35
27751,5
27753,79
27754,4
27769,4
27781,79
27782,5
27783,128
27784,5
27800,20
27809,4
27810,7
27825,79
27835,39
27838,35
27842,39
27843,20
27847,39
27857,35
27859,4
27864,20
27870,27
27871,59
27878,5
27887,36
27891,35
27904,20
27906,4
27907,20
27920,20
27923,129
27924,20
27927,39
27929,4
27935,130
27936,35
27941,5
27942,20
27945,5
27949,4
27962,35
27969,5
27989,20
27992,86
27994,20
28000,20
28003,20
28007,74
28008,5
28009,4
28010,4
28011,4
28012,20
28016,61
28023,7
28027,20
29028,4
29030,20
29035,20
29041,41
29042,5
29043,5
29044,41
29053,20
29055,35
29056,20
29066,20
29070,4
29071,5
29076,20
29086,20
29087,5
29104,20
29105,20
29106,20
29108,20
29112,5
29130,5
29131,5
29142,20
29143,43
29144,4
29146,43
29148,20
29149,5
29150,20
29166,20
29172,20
29173,20
29174,20
29175,20
29176,35
29178,20
29193,20
29195,36
29212,1
29235,20
29260,4
29275,5
29282,4
29286,20
29309,4
29318,20
29320,5
29332,20
29335,5
29339,35
29343,21
29347,20
29352,5
29353,5
29363,35
29375,20
29377,20
29381,5
29385,5
29390,20
29392,20
29405,20
29414,20
29416,4
29421,20
29433,20
29434,20
29441,20
29443,20
29464,20
29467,20
29476,79
29477,5
29478,20
29483,20
29485,35
29486,20
29489,20
29493,5
29496,5
29497,20
29504,35
29505,35
29514,20
29518,7
29523,35
29525,74
29531,35
29532,35
29533,4
29536,35
29552,20
29555,35
29561,20
29563,20
29568,20
29569,35
29574,20
29576,35
29578,20
29587,20
29594,7
29598,4
29604,20
29605,20
29610,20
29623,35
29624,5
29630,21
29637,20
29653,4
29655,5
29657,8
29659,21
29660,5
29661,21
29662,50
29663,50
29664,7
29665,20
29667,20
29685,4
29698,20
29699,20
29703,5
29705,36
29706,20
29711,20
29712,43
29714,8
29723,20
29725,20
29726,20
29737,7
29761,53
29762,68
29770,20
29776,20
29793,5
29797,7
29803,7
29807,20
29810,20
29818,20
29840,20
29841,20
29842,35
29844,20
29860,20
29861,61
29863,20
29865,79
29870,50
29871,79
29876,20
29882,79
29886,5
29887,5
29895,79
29908,94
29910,4
29920,20
29921,5
29931,35
29943,20
29944,5
29954,4
29985,20
30023,5
30030,39
30031,48
30032,20
30034,20
30035,8
30038,20
30039,60
30048,7
30053,20
30058,4
30060,109
30067,131
30082,61
30084,20
30090,20
30091,20
30094,35
30103,60
30106,43
30118,20
30120,74
30123,39
30127,82
30129,5
30133,20
30134,5
30139,20
30143,20
30150,60
30164,5
30183,70
30186,4
30191,60
30193,5
30198,132
30200,5
30201,80
30210,4
30215,20
30216,43
30241,5
30259,20
30263,82
30309,20
30313,60
30318,20
30328,20
30331,20
30344,59
30358,39
30385,20
30399,21
30411,5
30415,20
30422,20
30425,8
30429,20
30431,20
30435,20
30437,5
30443,82
30445,4
30448,5
30462,60
30463,52
30466,35
30473,20
30486,20
30492,4
30494,60
30510,15
30512,20
30522,20
30523,20
30524,20
30527,5
30528,5
30531,8
30534,35
30536,20
30540,4
30545,82
30550,4
30551,5
30567,35
30568,20
30572,5
30581,5
30585,5
30591,46
30605,20
30606,20
30610,20
30623,7
30626,4
30634,20
30639,20
30650,5
30653,20
30659,20
30660,20
30661,20
30664,5
30687,5
30688,5
30698,20
30699,7
30700,5
30719,5
30722,5
30728,5
30734,20
30736,20
30747,20
30748,20
30749,20
30755,20
30757,20
30758,5
30788,20
30793,7
30801,82
30811,20
30812,4
30821,20
30826,82
30833,20
30841,4
30846,9
30849,61
30850,4
30862,4
30874,20
30894,133
30900,5
30905,20
30907,86
30911,20
30914,4
30919,4
30924,20
30928,20
30932,20
30937,20
30962,5
30971,61
30977,20
30990,5
30993,5
30996,5
30997,5
31010,4
31017,35
31025,5
31039,5
31041,5
31081,86
31082,86
31083,86
31084,86
31085,86
31101,4
31105,20
31108,20
31118,4
31123,7
31133,20
31139,7
31148,4
31153,5
31155,35
31164,61
31176,70
31179,4
31185,4
31197,82
31203,5
31209,82
31214,35
31216,53
31219,5
31226,86
31228,60
31230,86
31235,35
31243,5
31250,4
31254,53
31256,4
31260,43
31262,117
31263,20
31271,60
31274,20
31275,61
31277,35
31281,35
31301,4
31316,20
31320,20
31334,20
31343,41
31344,8
31346,13
31359,20
31363,20
31379,20
31382,4
31404,20
31405,61
31406,61
31414,59
31418,35
31421,4
31433,7
31434,35
31440,20
31443,7
31451,20
31457,20
31458,4
31465,61
31475,5
31478,20
31479,4
31489,43
31491,21
31492,8
31500,4
31505,20
31506,20
31508,20
31514,20
31518,39
31522,5
31541,20
31546,61
31548,39
31556,4
31557,70
31559,20
31565,35
31574,7
31576,20
31581,20
31583,61
31590,20
31592,5
31596,35
31600,20
31604,5
31606,4
31609,35
31612,4
31621,70
31624,7
31629,7
31630,5
31631,5
31632,4
31638,5
31640,5
31644,134
31648,20
31651,5
31657,4
31660,4
31666,5
31668,20
31680,15
31683,15
31687,20
31693,5
31695,5
31703,135
31707,4
31710,4
31736,20
31738,5
31745,86
31749,5
31752,5
31755,53
31756,7
31773,20
31779,136
31792,35
31799,4
31810,4
31817,20
31820,43
31822,7
31827,70
31833,39
31843,20
31844,5
31847,20
31854,4
31857,35
31859,20
31861,4
31862,63
31865,20
31876,20
31877,20
31881,20
31894,20
31897,20
31898,5
31911,5
31916,35
31919,35
31926,4
31927,61
31933,20
31937,4
31939,20
31940,5
31950,20
31960,70
31967,20
31972,5
31979,20
31982,41
31988,60
31991,5
31992,20
31997,61
32013,39
32025,4
32027,20
32030,20
32034,5
32042,35
32047,79
32051,4
32053,137
32057,4
32062,20
32073,4
32081,20
32086,4
32093,5
32094,5
32099,61
32103,4
32104,4
32105,20
32111,5
32118,61
32119,5
32123,7
32124,5
32125,35
32126,53
32132,20
32135,20
32141,20
32143,20
32147,7
32152,20
32163,61
32170,39
32176,20
32178,60
32183,20
32190,20
32193,5
32195,35
32223,20
32224,20
32230,4
32237,20
32239,43
32242,43
32251,20
32255,4
32261,5
32265,20
32272,20
32276,20
32277,20
32281,20
32283,20
32284,20
32288,39
32289,20
32291,20
32300,4
32302,5
32305,82
32311,7
32317,20
32337,5
32347,5
32349,4
32351,4
32358,61
32373,20
32377,4
32378,5
32379,4
32381,4
32383,20
32391,20
32392,20
32393,70
32400,5
32401,20
32402,61
32403,20
32406,20
32409,20
32427,20
32436,35
32437,4
32440,35
32441,20
32452,35
32455,20
32456,5
32464,5
32465,20
32475,35
32477,43
32482,35
32484,70
32485,35
32500,20
32505,5
32506,20
32513,20
32522,20
32524,20
32542,5
32548,79
32550,5
32554,20
32559,20
32563,35
32564,20
32569,20
32583,5
32586,5
32591,61
32592,35
32597,20
32599,20
32604,20
32607,5
32610,4
32612,5
32615,4
32616,60
32629,35
32633,5
32640,7
32642,1
32649,4
32654,5
32656,5
32657,20
32661,35
32677,60
32690,20
32691,20
32698,5
32699,20
32701,20
32702,4
32703,4
32706,20
32707,20
32710,61
32714,20
32719,5
32721,21
32727,20
32728,53
32738,39
32742,7
32757,20
32758,8
32762,20
32771,20
32773,20
32797,7
32802,20
32804,20
32811,20
32814,21
32817,35
32826,5
32827,5
32834,36
32838,39
32840,21
32841,21
32842,4
32845,4
32847,20
32860,41
32862,20
32868,7
32871,20
32892,35
32893,60
32895,36
32900,20
32904,7
32926,20
32936,95
32941,20
32944,20
32945,8
32949,20
32955,4
32956,20
32957,20
32965,5
32969,60
32974,20
32977,7
32981,5
32987,61
32990,94
32994,5
33002,5
33004,5
33006,4
33017,20
33028,20
33033,35
33034,39
33037,82
33039,20
33044,4
33049,70
33060,5
33061,20
33063,7
33064,5
33068,5
33069,53
33072,20
33075,61
33077,65
33078,65
33079,65
33089,7
33092,20
33101,13
33102,20
33103,7
33104,4
33105,4
33106,5
33107,138
33119,7
33120,20
33122,5
33130,35
33133,20
33148,20
33151,35
33173,82
33177,20
33182,4
33189,35
33191,20
33192,4
33193,20
33195,4
33197,4
33204,7
33215,4
33221,4
33226,5
33244,82
33245,7
33246,79
33247,20
33249,13
33250,20
33252,7
33264,86
33266,39
33269,20
33270,5
33290,20
33306,20
33312,20
33317,69
33332,5
33337,20
33339,60
33347,86
33349,20
33350,20
33351,4
33352,43
33353,43
33364,4
33365,61
33367,82
33374,20
33400,35
33416,20
33418,20
33431,5
33437,5
33439,60
33443,5
33444,20
33446,4
33447,43
33450,20
33453,20
33459,43
33461,7
33462,20
33466,20
33467,5
33475,7
33497,65
33498,36
33500,20
33501,20
33506,20
33508,20
33516,1
33517,4
33521,82
33523,5
33525,20
33537,5
33549,20
33550,5
33551,20
33554,79
33567,4
33580,8
33592,20
33593,20
33607,139
33611,7
33629,4
33630,20
33631,53
33633,4
33638,35
33643,20
33644,20
33647,20
33656,4
33657,140
33665,7
33667,20
33672,36
33676,5
33679,39
33689,5
33697,5
33704,5
33717,20
33727,20
33728,20
33729,20
33737,20
33749,5
33764,5
33766,35
33767,20
33768,20
33778,13
33781,60
33794,11
33828,20
33838,35
33842,20
33843,7
33854,5
33855,5
33857,20
33862,20
33864,39
33867,20
33871,20
33874,61
33878,7
33886,1
33898,20
33903,20
33904,20
33905,20
33908,20
33925,88
33936,20
33952,20
33974,20
33981,4
33989,39
34004,35
34013,20
34017,20
34024,20
34028,5
34031,20
34034,20
34038,4
34044,53
34045,4
34048,20
34055,5
34058,20
34059,20
34060,35
34068,4
34073,61
34083,20
34093,4
34097,46
34103,20
34108,20
34116,20
34131,20
34133,35
34137,5
34142,7
34145,4
34150,35
34151,5
34153,39
34159,61
34160,61
34162,4
34163,7
34164,20
34165,20
34166,20
34172,20
34177,8
34178,20
34179,4
34181,35
34184,20
34185,4
34189,50
34198,5
34200,20
34208,20
34215,39
34219,20
34224,4
34226,7
34229,20
34234,5
34244,20
34247,20
34252,5
34253,5
34259,7
34263,5
34268,20
34270,5
34273,35
34277,21
34290,20
34295,20
34297,7
34308,55
34312,20
34337,20
34339,20
34340,20
34341,20
34342,20
34346,20
34347,35
34348,5
34353,35
34355,60
34359,20
34360,20
34361,20
34363,61
34366,5
34370,61
34375,20
34384,20
34405,8
34407,58
34419,141
34425,20
34426,20
34431,20
34439,20
34443,20
34448,20
34456,82
34461,4
34478,39
34493,4
34500,7
34503,20
34507,20
34510,35
34513,20
34516,5
34519,4
34520,4
34523,20
34524,20
34525,20
34526,20
34531,5
34534,21
34538,21
34542,21
34564,20
34570,20
34572,20
34573,35
34574,5
34580,20
34583,61
34588,5
34595,5
34596,4
34598,4
34600,20
34610,5
34614,35
34626,35
34627,5
34635,20
34636,4
34639,61
34642,5
34643,60
34649,20
34651,7
34653,86
34654,5
34665,20
34668,20
34676,20
34678,5
34681,86
34685,82
34686,55
34688,82
34689,21
34713,35
34720,20
34725,20
34727,61
34730,86
34735,5
34738,20
34746,20
34762,20
34763,20
34768,15
34776,20
34778,5
34785,20
34786,20
34787,35
34788,20
34790,20
34794,20
34822,20
34832,20
34833,20
34834,20
34845,20
34851,5
34862,36
34869,39
34870,20
34879,70
34886,70
34897,20
34898,21
34899,20
34903,7
34907,20
34909,5
34910,46
34914,70
34922,5
34929,20
34930,5
34954,20
34958,35
34959,7
34970,142
34979,20
34985,35
34991,60
34994,58
35004,39
35007,20
35010,5
35014,35
35015,5
35037,5
35043,20
35058,4
35064,7
35073,20
35074,20
35083,20
35092,20
35093,20
35099,20
35110,4
35111,53
35122,5
35130,20
35131,4
35133,7
35136,53
35145,20
35146,20
35150,53
35157,35
35166,20
35169,39
35175,35
35184,5
35185,5
35186,5
35195,61
35197,5
35200,5
35214,4
35220,53
35245,70
35251,5
35259,7
35268,4
35270,20
35272,141
35278,5
35288,35
35291,5
35297,4
35305,35
35306,20
35313,20
35321,7
35326,20
35327,7
35347,20
35354,20
35361,4
35364,20
35366,20
35367,20
35371,5
35373,20
35376,20
35384,20
35385,4
35390,61
35401,7
35407,1
35410,35
35420,20
35421,7
35427,4
35429,35
35430,20
35432,20
35439,7
35446,95
35448,20
35453,20
35461,95
35464,95
35467,52
35471,43
35472,61
35476,109
35481,35
35485,35
35489,20
35504,35
35510,20
35511,20
35524,20
35546,20
35561,20
35575,35
35594,20
35598,5
35604,61
35606,20
35613,20
35628,5
35634,20
35636,5
35637,5
35638,20
35640,60
35655,20
35663,20
35681,61
35684,4
35685,20
35700,4
35702,20
35715,20
35724,4
35725,5
35732,20
35735,4
35739,20
35743,35
35745,20
35752,5
35755,61
35756,35
35763,20
35768,53
35776,20
35779,127
35781,35
35785,35
35791,5
35797,60
35798,20
35809,43
35811,20
35816,35
35817,39
35818,20
35826,35
35832,60
35837,5
35839,35
35846,5
35850,20
35852,5
35853,39
35857,4
35864,70
35888,5
35893,20
35894,20
35896,61
35909,61
35916,5
35923,43
35924,43
35925,35
35941,53
35946,5
35947,58
35955,5
35962,20
35965,20
35972,20
35978,4
35991,20
35995,60
35999,20
36007,20
36010,35
36015,20
36032,20
36034,20
36035,20
36039,4
36048,5
36060,20
36062,5
36068,20
36070,61
