competition_id,category_id
2408,1
2435,1
2438,1
2439,1
2442,1
2445,1
2447,1
2448,1
2452,1
2454,1
2464,1
2467,1
2478,1
2479,1
2487,1
2488,1
2489,1
2496,1
2499,1
2509,1
2518,1
2549,1
2551,1
2552,2
2554,2
2555,2
2558,2
2559,2
2564,1
2589,1
2602,1
2606,1
2609,1
2658,2
2667,1
2711,2
2730,2
2732,1
2742,3
2748,1
2749,1
2752,2
2758,4
2762,3
2780,1
2799,3
2831,2
2840,1
2860,3
2863,1
2888,3
2889,1
2895,3
2917,3
2935,4
2947,5
2954,4
2958,3
2959,4
2963,1
2969,1
2975,1
2984,3
3023,5
3043,1
3046,4
3064,3
3065,3
3066,3
3080,3
3084,5
3090,4
3108,1
3112,4
3126,2
3152,2
3154,2
3163,5
3175,3
3193,2
3198,5
3199,6
3209,6
3211,2
3235,2
3238,2
3250,3
3272,2
3273,2
3288,1
3289,3
3294,1
3300,3
3316,1
3321,1
3337,7
3338,1
3342,1
3346,2
3353,1
3354,3
3362,8
3364,3
3366,3
3370,3
3377,3
3384,2
3385,3
3386,3
3403,1
3412,7
3428,7
3438,2
3439,2
3445,1
3446,1
3467,2
3469,1
3471,3
3477,3
3486,7
3493,1
3495,2
3497,2
3504,1
3507,3
3509,3
3517,3
3521,6
3524,3
3526,1
3532,1
3535,8
3539,5
3540,3
3582,2
3586,8
3599,1
3602,2
3611,6
3617,2
3634,3
3638,8
3641,3
3645,3
3649,8
3656,2
3670,1
3706,1
3729,2
3731,2
3756,3
3772,3
3774,3
3785,2
3788,1
3793,6
3800,3
3810,8
3814,2
3816,5
3843,2
3860,2
3861,2
3867,1
3879,2
3887,1
3888,2
3890,2
3891,2
3897,1
3903,2
3913,2
3926,3
3927,8
3928,3
3929,1
3930,2
3933,3
3934,3
3936,8
3940,2
3943,2
3947,7
3948,8
3949,8
3951,1
3953,2
3954,2
3959,2
3960,3
3966,3
3971,7
3973,1
3978,1
3984,1
3987,2
4000,2
4004,2
4024,2
4031,1
4032,8
4037,2
4043,3
4050,2
4054,2
4066,1
4080,2
4104,1
4107,2
4117,3
4120,1
4123,2
4125,2
4128,8
4167,2
4172,2
4174,2
4175,2
4184,2
4193,2
4194,2
4195,3
4209,2
4265,2
4272,1
4278,2
4280,1
4294,5
4315,2
4319,2
4332,5
4353,2
4360,2
4363,2
4366,1
4378,3
4383,3
4400,2
4406,8
4407,1
4413,2
4427,2
4438,1
4441,2
4447,2
4450,2
4451,2
4453,1
4455,2
4456,2
4458,8
4459,8
4466,2
4467,1
4470,2
4471,1
4477,3
4481,1
4485,2
4486,2
4487,1
4488,1
4493,1
4495,3
4504,1
4520,2
4521,3
4526,8
4554,2
4567,2
4568,2
4571,1
4588,5
4594,1
4603,2
4620,2
4650,2
4651,5
4654,5
4657,1
4676,2
4699,1
4704,1
4729,1
4746,2
4751,2
4754,2
4758,2
4770,2
4775,2
4794,2
4813,2
4816,2
4818,2
4821,2
4829,5
4837,2
4852,1
4853,1
4857,2
4860,2
4862,1
4879,2
4899,2
4901,2
4916,2
4938,2
4963,2
4973,2
4982,2
4986,1
4996,2
5001,2
5024,2
5033,2
5039,8
5043,2
5048,1
5056,1
5078,2
5080,2
5081,2
5100,2
5120,2
5127,8
5140,2
5144,1
5145,2
5167,2
5169,2
5171,2
5174,1
5183,2
5185,8
5186,5
5190,2
5200,2
5208,2
5215,2
5229,1
5232,2
5237,2
5255,2
5256,2
5260,1
5261,1
5266,2
5275,2
5286,2
5296,2
5303,2
5313,2
5314,8
5315,2
5320,2
5321,2
5325,5
5340,1
5341,2
5342,2
5343,2
5354,2
5357,1
5360,2
5371,2
5374,2
5385,2
5390,3
5400,2
5404,2
5408,8
5428,2
5441,8
5450,2
5485,2
5488,2
5497,1
5498,2
5499,2
5520,2
5532,2
5534,2
5548,2
5555,2
5558,1
5560,2
5562,2
5563,2
5566,2
5568,1
5579,2
5586,2
5589,2
5590,5
5618,2
5658,2
5674,2
5686,2
5693,8
5697,2
5708,8
5712,2
5719,2
5735,2
5742,2
5743,2
5777,2
5786,2
5812,2
5826,2
5827,2
5833,2
5846,2
5847,2
5860,2
5862,2
5865,2
5871,2
5874,1
5875,2
5881,2
5882,2
5896,2
5901,2
5903,2
5913,2
5915,2
5916,1
5923,2
5926,2
5933,2
5942,2
5977,8
5984,2
5988,2
5994,2
5999,2
6000,2
6003,2
6004,1
6008,2
6011,2
6013,2
6049,1
6067,2
6072,2
6097,2
6098,2
6100,8
6109,2
6116,1
6127,2
6152,2
6163,2
6176,2
6197,2
6207,2
6223,2
6231,2
6232,2
6241,2
6242,2
6243,1
6244,2
6252,2
6270,2
6274,2
6276,2
6277,1
6293,2
6295,2
6300,2
6312,2
6315,2
6322,1
6334,2
6341,2
6356,2
6387,2
6392,1
6404,2
6420,2
6422,2
6438,2
6443,2
6466,2
6467,2
6469,8
6476,2
6482,2
6483,2
6495,2
6513,2
6520,2
6535,2
6538,3
6539,3
6552,2
6565,1
6566,2
6570,2
6592,2
6615,2
6631,2
6644,1
6649,1
6666,2
6682,2
6708,2
6716,2
6727,2
6732,2
6733,2
6734,2
6736,2
6740,2
6747,2
6751,2
6754,2
6759,2
6762,2
6764,2
6766,2
6768,3
6775,1
6776,2
6799,3
6803,2
6818,1
6820,2
6834,2
6839,2
6841,3
6854,2
6864,3
6866,3
6867,3
6910,2
6911,2
6916,2
6920,2
6927,1
6944,2
6953,2
6960,8
6961,8
6963,2
6980,2
6983,2
6986,2
6988,2
7018,2
7042,3
7043,3
7046,2
7047,2
7050,2
7051,2
7057,2
7062,2
7082,1
7100,2
7104,2
7115,1
7126,2
7144,2
7162,3
7163,3
7165,2
7181,2
7187,2
7199,2
7214,2
7219,2
7249,2
7277,1
7283,2
7288,2
7294,2
7296,2
7299,3
7304,2
7305,2
7318,2
7327,8
7328,2
7339,2
7340,2
7362,2
7363,2
7372,2
7378,2
7380,1
7384,2
7391,1
7401,2
7403,2
7407,2
7413,2
7414,2
7417,2
7420,2
7425,2
7431,2
7436,2
7438,2
7442,2
7446,2
7450,2
7453,2
7456,3
7457,2
7463,2
7466,2
7468,2
7478,2
7497,2
7506,2
7516,8
7525,2
7529,2
7540,2
7555,2
7558,2
7559,1
7563,2
7565,2
7572,2
7574,2
7582,2
7592,2
7597,2
7599,2
7633,2
7634,1
7639,2
7654,2
7659,2
7664,2
7666,2
7669,2
7670,2
7682,2
7683,2
7686,2
7689,2
7693,2
7694,2
7697,2
7702,2
7705,2
7710,2
7711,2
7712,2
7713,2
7714,2
7715,2
7741,2
7747,2
7751,2
7752,2
7753,2
7764,2
7778,2
7785,2
7789,2
7795,2
7810,2
7811,2
7814,2
7816,2
7822,2
7823,2
7827,2
7828,2
7833,2
7835,2
7838,2
7843,2
7844,2
7846,2
7847,2
7859,2
7860,2
7864,2
7867,2
7878,1
7880,8
7886,2
7902,2
7904,2
7908,2
7914,2
7918,2
7919,2
7922,2
7925,2
7928,2
7929,2
7930,2
7932,2
7934,2
7936,2
7941,2
7952,2
7955,2
7968,1
7970,2
7979,2
7984,2
7991,2
7993,2
8009,2
8011,1
8027,2
8032,2
8048,2
8049,2
8050,2
8067,2
8069,2
8076,1
8078,1
8086,2
8089,1
8096,2
8098,2
8099,2
8137,2
8142,2
8144,2
8146,2
8149,2
8157,2
8170,2
8172,2
8219,3
8220,3
8222,2
8225,2
8226,2
8227,2
8229,2
8241,2
8243,3
8276,2
8277,2
8287,2
8288,2
8294,2
8303,2
8307,2
8310,1
8311,1
8316,2
8317,2
8365,2
8375,2
8377,2
8392,2
8396,3
8400,2
8409,2
8423,2
8426,8
8445,2
8449,2
8452,2
8461,2
8465,2
8469,2
8475,2
8480,2
8487,2
8497,2
8498,2
8511,2
8512,2
8514,2
8525,2
8538,2
8540,1
8563,2
8564,2
8569,2
8573,2
8578,2
8582,2
8586,1
8590,2
8600,2
8601,2
8606,2
8653,2
8657,2
8658,2
8665,2
8666,2
8672,2
8673,2
8679,2
8689,2
8694,2
8722,2
8731,2
8732,2
8736,2
8743,2
8754,2
8756,2
8758,2
8779,2
8782,2
8792,2
8801,2
8804,2
8811,2
8832,2
8853,2
8855,2
8857,2
8866,2
8885,2
8899,3
8900,3
8906,2
8910,2
8916,2
8933,2
8935,2
8937,2
8943,2
8947,2
8970,2
8991,2
9004,2
9010,2
9014,2
9015,2
9020,2
9023,2
9024,2
9033,2
9051,2
9057,2
9058,2
9075,2
9076,2
9096,2
9102,2
9106,2
9108,2
9113,2
9118,2
9120,1
9121,2
9129,2
9131,2
9133,2
9138,2
9139,2
9140,2
9141,2
9143,2
9144,2
9145,2
9146,2
9149,2
9150,2
9170,2
9181,2
9182,2
9188,2
9196,2
9198,2
9199,2
9209,2
9224,2
9232,2
9254,2
9256,2
9266,2
9284,2
9289,2
9300,2
9301,1
9311,2
9313,2
9318,2
9357,2
9359,2
9372,2
9378,2
9381,2
9388,2
9389,2
9390,2
9404,2
9405,2
9412,2
9422,2
9430,2
9435,2
9453,2
9461,2
9465,2
9473,2
9474,2
9475,2
9491,2
9498,2
9501,2
9511,2
9534,2
9538,2
9547,2
9550,2
9560,2
9568,2
9571,2
9590,2
9618,2
9619,2
9627,2
9664,2
9671,2
9688,2
9690,2
9701,2
9702,2
9703,2
9715,2
9717,1
9721,2
9722,2
9733,2
9741,2
9745,2
9748,2
9759,2
9760,2
9770,2
9792,2
9795,2
9814,2
9816,2
9823,2
9826,2
9827,2
9829,2
9840,8
9857,2
9859,2
9864,2
9876,2
9878,2
9891,2
9902,2
9915,2
9916,2
9917,2
9933,1
9940,2
9946,2
9948,2
9949,1
9951,1
9956,2
9962,2
9971,2
9978,2
9980,2
9982,2
9985,8
9986,2
9988,1
9992,8
9993,1
9994,1
9999,8
10001,2
10006,2
10012,8
10014,8
10025,8
10038,1
10039,2
10046,2
10047,2
10090,2
10093,2
10102,2
10110,2
10111,2
10113,2
10114,2
10117,2
10118,2
10128,2
10129,2
10134,2
10140,2
10141,2
10151,1
10155,2
10156,2
10160,2
10161,2
10166,2
10170,8
10171,2
10172,2
10189,2
10192,2
10194,2
10195,2
10200,1
10208,2
10214,2
10226,2
10228,2
10249,2
10270,2
10281,2
10296,2
10300,8
10306,2
10308,2
10335,8
10338,1
10343,2
10345,2
10356,2
10367,2
10382,2
10384,1
10385,1
10386,3
10389,2
10396,2
10402,2
10408,2
10418,1
10423,2
10445,1
10454,2
10456,2
10474,2
10475,2
10480,2
10483,2
10485,2
10493,2
10507,2
10518,2
10519,2
10523,2
10530,2
10538,2
10540,2
10541,2
10546,2
10547,2
10568,2
10582,2
10588,2
10592,2
10599,2
10604,2
10609,2
10610,2
10622,2
10625,2
10626,2
10633,2
10648,2
10675,2
10683,3
10684,1
10686,1
10690,2
10694,2
10700,3
10721,2
10733,1
10736,2
10737,1
10739,2
10741,2
10747,2
10754,2
10755,2
10756,2
10757,2
10796,2
10823,2
10838,2
10851,2
10854,2
10855,2
10856,2
10857,2
10858,2
10870,2
10874,2
10879,2
10888,2
10903,2
10924,2
10948,2
10955,2
10956,2
10962,2
10971,2
10973,2
10992,2
10994,2
10997,2
11000,3
11029,2
11036,2
11053,2
11055,2
11056,2
11058,2
11059,2
11064,2
11068,2
11070,2
11073,2
11074,2
11079,2
11081,2
11083,2
11094,2
11098,2
11102,2
11109,2
11116,2
11121,2
11132,2
11139,2
11156,2
11161,2
11167,2
11174,2
11185,2
11189,2
11190,2
11201,2
11223,2
11224,2
11225,2
11239,2
11243,2
11244,2
11260,2
11261,2
11264,2
11286,2
11293,2
11295,2
11297,2
11311,2
11317,2
11321,2
11325,2
11332,2
11346,2
11354,2
11355,2
11356,2
11369,2
11372,2
11376,2
11379,2
11383,2
11384,2
11392,2
11401,2
11405,2
11422,2
11433,2
11435,2
11438,2
11451,2
11454,2
11463,2
11466,2
11468,2
11469,2
11473,2
11475,2
11478,2
11487,2
11493,2
11494,2
11498,2
11501,2
11510,2
11532,2
11533,2
11541,2
11542,2
11547,2
11553,2
11554,2
11556,2
11562,2
11570,2
11574,2
11585,2
11587,2
11588,2
11601,2
11614,2
11625,2
11636,2
11643,2
11649,2
11673,2
11674,2
11679,2
11680,2
11681,2
11684,2
11708,2
11712,2
11714,2
11727,2
11738,2
11745,2
11746,2
11748,2
11749,2
11750,2
11754,2
11770,2
11774,2
11782,2
11785,2
11786,2
11787,2
11788,2
11789,2
11790,2
11792,2
11794,2
11802,2
11803,2
11806,2
11835,8
11836,3
11838,3
11842,2
11848,8
11851,2
11880,8
11914,2
11947,2
11951,2
11955,2
11960,2
11972,2
11981,2
11982,2
11988,2
11992,2
11993,2
11994,2
11999,1
12000,1
12007,2
12009,2
12016,2
12018,2
12020,2
12040,2
12048,2
12054,2
12061,2
12065,2
12073,2
12074,2
12078,2
12081,2
12082,2
12083,2
12085,2
12088,2
12089,2
12093,2
12094,2
12098,2
12102,2
12110,2
12112,2
12114,2
12122,2
12133,8
12142,2
12146,2
12152,2
12167,2
12168,2
12171,2
12178,2
12187,2
12208,2
12223,2
12232,2
12233,2
12234,2
12236,2
12245,2
12270,2
12292,2
12305,2
12307,2
12313,2
12327,2
12329,2
12335,2
12343,2
12349,2
12354,2
12357,2
12358,2
12359,2
12363,2
12366,2
12367,2
12371,2
12374,2
12379,2
12386,2
12399,2
12401,2
12417,2
12427,2
12428,2
12432,2
12437,2
12441,2
12442,2
12459,2
12464,2
12483,2
12488,2
12495,2
12496,2
12500,1
12506,2
12512,2
12543,2
12546,2
12552,2
12558,2
12572,2
12573,2
12594,2
12598,2
12611,2
12631,2
12633,2
12649,2
12652,2
12653,2
12654,2
12655,2
12659,2
12666,2
12681,2
12686,2
12705,2
12708,2
12716,3
12717,2
12718,2
12719,2
12720,2
12722,2
12724,2
12727,2
12731,2
12733,2
12739,2
12742,2
12743,2
12750,2
12758,2
12760,2
12797,3
12801,2
12805,2
12840,2
12844,2
12845,2
12851,2
12863,1
12871,2
12872,2
12874,2
12885,2
12895,2
12896,8
12904,2
12906,2
12909,2
12911,2
12915,2
12919,2
12920,2
12927,2
12930,2
12940,2
12941,2
12943,2
12944,2
12952,2
12953,2
12954,2
12961,8
12964,2
12968,2
12971,2
12974,2
12979,2
12987,2
13000,2
13005,2
13009,2
13012,2
13020,2
13030,2
13032,3
13034,2
13036,2
13037,2
13050,2
13058,2
13077,2
13078,2
13079,2
13082,2
13084,2
13091,2
13092,2
13093,2
13100,2
13101,2
13121,2
13122,2
13124,2
13125,2
13137,2
13157,2
13162,2
13172,2
13177,2
13180,2
13204,2
13211,2
13212,2
13215,2
13216,2
13221,2
13222,2
13226,2
13232,2
13236,2
13242,5
13244,2
13248,2
13250,2
13251,3
13252,2
13255,2
13256,2
13257,2
13259,2
13261,2
13265,2
13269,2
13270,2
13275,2
13276,2
13277,2
13280,2
13284,2
13287,2
13292,2
13296,2
13307,2
13310,2
13319,2
13320,2
13322,2
13333,3
13334,2
13336,2
13337,2
13338,2
13339,2
13346,2
13351,2
13353,2
13357,2
13362,2
13363,2
13375,2
13383,2
13399,2
13406,2
13407,2
13432,2
13434,2
13435,8
13439,2
13441,2
13449,2
13451,1
13457,2
13458,2
13471,2
13481,2
13482,2
13485,2
13498,2
13503,8
13512,2
13518,2
13531,2
13549,2
13552,2
13558,2
13562,2
13565,2
13566,2
13567,2
13574,2
13576,2
13578,8
13579,2
13599,2
13601,2
13604,2
13606,2
13610,2
13611,2
13620,2
13621,2
13634,2
13639,2
13640,2
13646,2
13658,2
13660,2
13662,2
13663,2
13669,2
13670,2
13671,2
13675,2
13676,2
13690,2
13691,2
13717,2
13720,2
13722,2
13733,2
13741,2
13746,2
13747,3
13751,2
13767,2
13769,2
13770,2
13771,2
13772,2
13773,2
13781,2
13785,2
13786,2
13788,2
13795,2
13800,2
13807,2
13811,2
13814,2
13815,2
13826,2
13827,2
13836,3
13837,2
13848,2
13853,2
13857,2
13870,2
13876,2
13878,2
13881,2
13896,2
13899,2
13903,2
13913,2
13929,2
13937,2
13941,2
13942,2
13943,2
13952,2
13963,2
13971,2
13979,2
13984,2
13986,2
13990,2
13992,2
13993,2
13994,2
13998,2
13999,2
14013,2
14030,2
14043,2
14047,2
14048,2
14054,2
14056,2
14065,2
14070,2
14073,2
14078,2
14079,2
14083,2
14086,2
14097,2
14101,2
14107,2
14108,2
14112,2
14117,2
14127,2
14128,2
14136,2
14139,2
14140,2
14144,2
14145,2
14147,2
14151,2
14156,2
14159,2
14169,2
14182,2
14193,2
14195,2
14209,2
14212,2
14214,2
14219,2
14233,2
14237,2
14239,1
14240,2
14241,1
14242,3
14245,2
14248,2
14253,2
14259,2
14267,2
14268,2
14276,2
14279,2
14282,2
14288,2
14294,2
14295,2
14312,2
14313,1
14315,3
14316,3
14318,2
14325,2
14330,2
14331,2
14333,2
14336,2
14341,2
14345,2
14350,2
14384,2
14389,2
14405,2
14420,3
14422,2
14424,2
14429,2
14434,2
14440,2
14442,2
14445,2
14451,2
14453,2
14461,2
14469,2
14476,2
14481,2
14482,2
14486,2
14496,2
14497,2
14499,2
14501,2
14502,2
14507,2
14508,2
14520,2
14522,2
14539,2
14540,2
14541,2
14544,2
14545,2
14549,2
14556,2
14573,2
14579,2
14595,2
14606,2
14611,2
14612,2
14619,2
14627,2
14629,2
14642,2
14647,2
14652,1
14661,2
14666,2
14668,2
14672,2
14681,2
14682,2
14688,2
14689,2
14691,2
14697,2
14698,2
14710,2
14711,2
14716,2
14720,2
14728,2
14745,2
14747,2
14749,2
14750,2
14752,2
14754,2
14756,2
14762,2
14771,2
14774,1
14777,2
14778,2
14787,2
14790,2
14793,2
14794,2
14804,2
14807,2
14809,2
14813,2
14820,2
14828,2
14834,2
14836,2
14845,2
14852,2
14858,2
14859,8
14867,2
14872,2
14876,2
14887,2
14894,2
14897,3
14898,2
14909,2
14915,2
14938,2
14959,2
14967,2
14976,2
14982,2
14999,8
15010,2
15020,2
15021,2
15024,2
15033,2
15039,2
15043,3
15046,2
15050,2
15057,2
15062,3
15068,2
15079,2
15082,2
15088,2
15089,2
15102,2
15105,2
15113,2
15120,2
15128,2
15130,2
15142,2
15153,2
15155,2
15157,2
15165,2
15171,2
15173,2
15177,2
15178,2
15179,2
15183,2
15193,2
15207,2
15208,2
15209,2
15214,2
15217,2
15218,2
15234,2
15243,2
15274,2
15277,2
15279,2
15281,2
15286,2
15287,2
15288,2
15292,2
15293,2
15294,2
15306,2
15319,2
15331,2
15336,2
15339,2
15347,2
15356,2
15372,2
15376,2
15383,2
15397,2
15414,2
15416,2
15439,2
15447,8
15450,2
15451,2
15465,2
15470,2
15472,2
15474,2
15477,2
15479,2
15482,2
15483,2
15488,2
15492,2
15496,2
15500,2
15504,2
15515,2
15518,2
15523,2
15623,2
15624,2
15627,2
15643,2
15657,2
15670,2
15671,2
15678,2
15689,2
15696,1
15711,2
15716,2
15717,2
15723,2
15733,2
15745,2
15746,2
15749,2
15768,1
15778,2
15780,2
15786,2
15789,2
15793,2
15813,2
15823,2
15836,2
15838,2
15845,2
15848,2
15865,2
15870,2
15909,2
15963,2
15965,2
15972,2
15975,2
15982,2
15984,2
16011,2
16017,8
16018,2
16037,2
16058,2
16074,2
16097,2
16103,2
16111,2
16116,2
16117,2
16122,2
16127,2
16135,2
16160,2
16180,2
16197,2
16198,2
16200,2
16203,2
16208,2
16211,2
16213,2
16214,2
16216,2
16226,2
16229,2
16234,2
16236,2
16245,3
16246,2
16252,2
16253,2
16270,2
16271,2
16273,2
16276,2
16277,2
16283,2
16285,2
16286,2
16287,2
16294,2
16295,1
16296,2
16297,2
16299,2
16300,2
16303,2
16311,2
16315,2
16317,2
16319,2
16337,2
16340,2
16345,2
16348,2
16351,2
16361,2
16371,2
16375,2
16379,2
16385,2
16396,2
16398,2
16404,2
16431,2
16432,2
16433,2
16435,2
16443,2
16451,2
16461,2
16463,2
16469,2
16476,2
16504,2
16520,2
16529,2
16531,1
16535,2
16536,2
16537,2
16539,2
16549,2
16560,2
16567,2
16572,2
16573,2
16576,2
16577,2
16583,2
16588,2
16595,2
16599,2
16600,2
16601,2
16604,2
16606,2
16613,2
16616,2
16634,2
16639,2
16641,2
16642,2
16643,2
16647,2
16648,2
16650,2
16652,2
16656,2
16660,2
16661,2
16668,2
16669,2
16674,2
16681,2
16687,2
16707,2
16710,2
16712,2
16718,2
16739,2
16740,2
16747,2
16748,2
16759,2
16777,2
16778,2
16780,2
16787,2
16788,2
16792,2
16794,2
16795,2
16797,2
16799,2
16800,2
16801,2
16802,2
16804,2
16812,2
16814,2
16822,2
16824,2
16838,2
16847,2
16854,2
16856,2
16858,2
16864,2
16865,2
16867,2
16869,2
16880,1
16900,2
16901,2
16902,2
16916,2
16927,2
16940,2
16952,2
16954,2
16958,2
16966,2
16968,2
16972,2
16981,2
16982,2
16990,2
17000,8
17002,2
17004,2
17010,2
17013,2
17014,2
17017,2
17018,2
17024,2
17026,2
17028,2
17029,2
17030,2
17031,2
17034,2
17040,2
17051,2
17057,2
17063,2
17065,2
17072,2
17077,2
17101,2
17104,2
17106,2
17108,2
17109,2
17128,2
17129,2
17135,2
17136,2
17143,2
17145,2
17158,2
17160,2
17161,2
17162,2
17165,2
17167,2
17175,2
17177,2
17190,2
17193,2
17213,2
17216,2
17218,2
17221,2
17223,2
17224,2
17227,2
17233,1
17234,2
17235,2
17240,2
17255,2
17259,2
17271,2
17273,2
17286,2
17299,2
17301,2
17304,2
17313,2
17314,2
17321,2
17329,2
17330,2
17337,2
17339,2
17341,2
17343,2
17344,2
17351,2
17359,2
17367,2
17369,2
17371,2
17372,2
17374,2
17378,2
17379,2
17380,2
17381,2
17382,2
17383,2
17384,2
17391,2
17399,2
17408,2
17424,2
17425,2
17427,2
17428,2
17439,2
17450,2
17455,2
17458,2
17463,2
17466,2
17472,2
17476,2
17483,2
17495,2
17502,2
17509,2
17510,2
17514,2
17530,2
17535,2
17536,2
17538,2
17554,2
17557,2
17562,2
17572,2
17575,2
17578,2
17580,2
17585,2
17586,2
17588,2
17590,2
17593,2
17596,2
17597,2
17599,2
17600,2
17601,2
17623,2
17628,2
17635,2
17636,2
17639,2
17640,2
17644,2
17649,2
17660,2
17674,2
17681,2
17683,2
17684,2
17687,2
17689,2
17691,2
17692,2
17699,2
17702,2
17703,2
17705,2
17715,2
17719,2
17720,2
17722,2
17723,2
17724,2
17725,2
17729,2
17739,2
17742,2
17743,2
17744,2
17746,2
17751,2
17754,2
17756,2
17760,2
17762,2
17764,2
17773,2
17775,2
17778,2
17779,2
17781,2
17782,2
17784,2
17787,2
17797,2
17800,8
17804,2
17805,2
17806,2
17807,2
17809,2
17812,2
17815,2
17823,2
17824,2
17828,2
17829,2
17836,2
17847,2
17848,2
17850,2
17859,2
17862,2
17863,2
17867,2
17875,2
17876,2
17885,2
17888,2
17914,2
17915,2
17923,2
17927,2
17928,2
17934,2
17941,2
17943,2
17947,2
17950,2
17952,2
17972,2
17984,2
17985,2
17986,2
17990,2
17991,2
17997,2
18005,2
18011,1
18013,2
18019,2
18025,2
18032,2
18045,3
18046,2
18065,2
18066,2
18069,2
18072,2
18074,2
18076,2
18077,2
18078,2
18079,2
18080,2
18081,2
18086,2
18088,2
18103,2
18110,2
18118,2
18119,2
18122,2
18126,2
18129,2
18138,2
18139,2
18146,2
18147,2
18151,2
18177,2
18179,2
18182,2
18183,2
18191,2
18204,2
18211,2
18223,2
18231,2
18232,2
18233,2
18237,3
18241,2
18243,2
18245,2
18248,2
18251,2
18255,2
18256,2
18264,2
18276,2
18278,8
18280,2
18281,2
18294,3
18296,2
18297,2
18301,2
18306,2
18308,2
18313,2
18323,2
18325,2
18326,2
18329,3
18333,2
18339,2
18355,2
18367,2
18369,2
18379,2
18401,2
18418,2
18423,2
18429,2
18431,2
18438,2
18439,2
18441,2
18455,2
18458,2
18459,2
18461,2
18465,2
18473,2
18475,2
18476,2
18482,2
18483,2
18484,2
18486,2
18493,2
18497,2
18499,2
18505,2
18506,2
18511,2
18524,2
18525,2
18532,2
18533,2
18550,2
18567,2
18568,2
18576,2
18588,2
18599,1
18600,1
18601,1
18602,1
18605,2
18612,2
18614,2
18626,3
18627,3
18629,2
18631,2
18632,2
18643,2
18646,2
18647,1
18648,3
18652,2
18655,2
18671,2
18678,2
18680,2
18685,8
18690,2
18691,2
18692,2
18695,2
18704,2
18724,2
18728,2
18762,2
18767,2
18769,2
18780,2
18784,2
18785,2
18789,2
18807,2
18808,2
18809,2
18810,2
18814,2
18823,2
18828,2
18847,2
18849,2
18850,2
18877,2
18879,2
18885,2
18894,2
18905,2
18906,2
18907,2
18908,2
18920,2
18924,2
18927,2
18935,2
18944,2
18945,2
18956,2
18971,2
18974,2
18976,2
18977,2
18978,2
18983,2
18994,2
19010,2
19013,2
19016,2
19018,1
19020,2
19025,2
19030,2
19045,2
19052,2
19059,8
19062,2
19067,2
19073,2
19079,2
19087,2
19093,2
19097,2
19103,2
19109,2
19112,2
19114,2
19115,2
19126,2
19130,2
19131,2
19134,2
19147,2
19157,2
19160,2
19164,2
19167,2
19171,2
19175,2
19179,2
19181,2
19190,2
19205,8
19214,2
19221,2
19226,2
19231,3
19233,3
19236,2
19237,2
19244,2
19262,2
19263,2
19265,2
19266,2
19272,2
19277,2
19281,2
19282,2
19284,2
19285,2
19286,2
19300,2
19302,2
19307,2
19312,2
19321,2
19322,2
19323,2
19333,2
19337,2
19341,2
19342,2
19343,2
19344,2
19345,2
19358,2
19368,2
19375,2
19376,2
19377,2
19385,2
19386,2
19390,2
19391,2
19395,2
19396,2
19416,2
19419,2
19433,2
19439,2
19444,2
19449,2
19450,2
19453,2
19454,2
19460,2
19465,2
19466,2
19471,2
19474,2
19479,2
19483,2
19512,2
19522,2
19523,2
19524,2
19527,2
19539,3
19540,2
19545,2
19548,3
19591,2
19596,3
19608,2
19610,2
19612,2
19613,2
19620,2
19622,2
19626,2
19628,2
19629,2
19631,2
19635,2
19640,2
19646,2
19652,2
19654,2
19670,2
19671,2
19678,2
19680,2
19690,2
19693,2
19699,2
19702,3
19704,2
19707,2
19708,2
19712,2
19726,2
19733,2
19754,2
19755,2
19772,2
19773,2
19804,2
19805,2
19818,2
19820,2
19821,2
19825,2
19827,2
19828,2
19839,2
19844,2
19853,3
19856,2
19866,2
19874,2
19877,2
19882,2
19884,2
19887,2
19893,2
19895,2
19897,2
19902,2
19924,2
19933,2
19946,2
19955,2
19959,2
19965,2
19976,2
19983,2
19988,3
19989,3
19990,1
19991,3
19995,2
19997,2
20009,8
20010,3
20018,2
20021,2
20023,2
20027,2
20028,2
20031,2
20032,2
20036,2
20043,2
20046,2
20048,2
20049,2
20051,2
20057,2
20059,2
20064,2
20069,2
20071,2
20072,2
20075,2
20078,2
20079,2
20082,2
20084,2
20085,2
20090,2
20091,2
20092,2
20096,2
20112,2
20126,2
20129,2
20131,2
20132,2
20139,2
20140,2
20144,2
20149,2
20159,2
20161,2
20166,2
20170,2
20182,2
20192,2
20194,2
20200,2
20209,2
20210,2
20211,2
20212,2
20214,2
20216,2
20219,2
20220,2
20221,2
20223,2
20230,2
20242,2
20266,2
20268,2
20270,1
20274,2
20288,2
20289,2
20291,2
20292,2
20304,2
20305,2
20313,2
20314,2
20315,2
20326,2
20331,2
20339,2
20341,2
20350,2
20354,2
20356,2
20357,2
20358,2
20362,2
20366,2
20370,2
20376,2
20378,2
20384,2
20386,2
20389,2
20396,2
20402,2
20407,2
20410,2
20419,2
20439,2
20441,2
20444,2
20452,2
20454,2
20455,2
20460,2
20464,2
20467,2
20469,2
20475,3
20480,2
20483,2
20486,2
20501,2
20516,2
20519,2
20520,2
20525,2
20526,2
20530,2
20532,2
20533,2
20540,2
20542,2
20543,2
20545,2
20553,2
20562,2
20564,2
20565,2
20568,2
20569,2
20571,2
20575,2
20578,2
20580,2
20581,2
20585,2
20593,2
20596,2
20597,2
20600,2
20604,1
20605,2
20612,2
20622,2
20627,2
20638,2
20641,2
20643,2
20645,2
20646,2
20648,2
20649,2
20650,2
20662,2
20667,2
20668,2
20669,2
20670,2
20675,2
20677,2
20678,2
20685,2
20694,2
20702,2
20707,2
20711,2
20721,2
20729,2
20739,2
20760,2
20761,2
20762,2
20769,2
20772,2
20774,2
20798,2
20819,2
20829,3
20832,2
20836,2
20845,2
20850,2
20856,2
20858,2
20859,2
20863,2
20864,2
20865,2
20866,2
20869,2
20874,2
20879,2
20883,2
20885,2
20900,2
20907,2
20908,2
20910,2
20911,2
20912,2
20914,2
20915,2
20916,2
20917,2
20919,2
20921,2
20923,2
20925,2
20926,2
20927,2
20932,2
20935,2
20936,2
20942,2
20945,2
20947,2
20948,2
20949,2
20951,2
20953,2
20958,2
20961,2
20963,2
20965,2
20970,2
20972,2
20974,2
20975,2
20980,2
20982,2
20983,2
20986,2
20988,2
20990,2
21002,2
21003,2
21004,2
21005,2
21006,2
21007,2
21012,2
21015,2
21016,2
21017,2
21024,2
21025,2
21026,2
21031,2
21032,2
21033,2
21036,2
21037,2
21038,2
21040,2
21041,2
21046,2
21047,2
21054,2
21062,2
21074,2
21076,2
21077,2
21078,2
21079,2
21081,2
21082,2
21085,2
21086,2
21088,2
21089,2
21090,2
21091,2
21092,2
21094,2
21095,2
21100,2
21102,2
21103,2
21105,2
21106,2
21110,2
21111,2
21115,2
21118,2
21119,2
21120,2
21124,2
21125,2
21126,2
21128,2
21130,2
21133,2
21134,2
21135,2
21138,2
21139,2
21143,2
21144,2
21147,2
21148,2
21150,2
21156,2
21160,2
21163,2
21164,2
21169,2
21179,2
21181,2
21183,2
21184,2
21188,2
21191,2
21192,2
21199,2
21210,2
21211,2
21222,2
21223,2
21229,2
21231,2
21232,2
21233,2
21235,2
21236,2
21237,2
21243,2
21250,2
21251,2
21252,2
21253,2
21255,2
21256,2
21258,2
21260,2
21261,2
21263,2
21264,2
21266,2
21268,2
21271,2
21273,2
21274,2
21277,2
21278,2
21279,2
21281,2
21282,2
21283,2
21290,2
21291,2
21292,2
21294,2
21295,2
21298,2
21299,2
21300,2
21302,2
21303,2
21304,2
21305,2
21310,2
21312,2
21313,2
21314,2
21315,2
21318,2
21320,2
21321,2
21323,2
21324,2
21325,2
21326,2
21328,2
21329,2
21330,2
21332,2
21335,2
21336,2
21337,2
21338,2
21340,2
21341,2
21342,2
21343,2
21345,2
21346,2
21347,2
21348,2
21350,2
21351,2
21361,2
21368,2
21383,2
21385,2
21389,2
21392,2
21399,2
21408,2
21418,2
21419,2
21424,2
21426,2
21431,2
21434,2
21443,2
21461,2
21467,2
21483,2
21485,2
21498,2
21502,2
21504,2
21524,2
21527,2
21528,2
21529,2
21530,2
21531,2
21533,2
21535,2
21537,2
21540,2
21561,2
21572,2
21583,2
21587,2
21591,2
21603,2
21610,2
21619,2
21623,2
21626,2
21629,2
21633,2
21638,2
21641,2
21649,2
21651,1
21662,2
21668,2
21669,3
21685,2
21686,2
21702,2
21704,2
21707,2
21723,1
21728,2
21729,2
21734,2
21745,2
21760,2
21762,2
21763,2
21769,2
21770,2
21771,2
21772,2
21773,2
21792,2
21802,2
21810,2
21813,2
21819,2
21824,2
21835,2
21837,2
21848,2
21849,2
21858,2
21875,2
21887,2
21892,2
21899,2
21906,2
21929,2
21934,2
21946,2
21947,2
21961,2
21967,2
21969,2
21974,2
21984,2
22000,2
22001,2
22011,2
22016,2
22020,2
22021,2
22032,2
22035,2
22040,8
22048,2
22058,2
22060,2
22065,2
22088,2
22091,2
22099,2
22102,2
22106,2
22111,3
22112,2
22113,2
22122,8
22123,2
22132,2
22136,2
22143,2
22154,2
22165,2
22174,2
22184,2
22194,2
22197,2
22210,2
22216,2
22220,2
22231,2
22242,2
22245,2
22246,2
22247,2
22254,2
22263,2
22265,2
22266,2
22283,2
22284,2
22292,2
22304,2
22306,2
22307,1
22338,2
22350,2
22351,2
22353,2
22355,2
22359,2
22373,2
22374,2
22378,2
22382,2
22385,2
22389,2
22392,2
22394,2
22407,2
22411,2
22414,2
22415,2
22416,2
22417,2
22422,1
22426,2
22439,2
22441,2
22444,2
22450,2
22454,2
22463,2
22473,2
22477,2
22493,2
22498,2
22499,2
22510,2
22511,2
22512,2
22513,2
22518,2
22522,2
22531,2
22533,2
22541,2
22544,2
22545,2
22546,2
22554,2
22557,2
22559,3
22565,2
22572,2
22573,2
22586,2
22597,2
22599,2
22607,2
22615,2
22618,2
22620,2
22622,2
22627,2
22630,2
22633,2
22636,2
22643,2
22646,2
22652,2
22654,2
22657,2
22661,2
22663,2
22668,2
22669,2
22683,2
22696,2
22697,2
22699,2
22703,2
22704,2
22707,2
22715,2
22717,2
22720,2
22722,2
22723,2
22724,2
22725,2
22726,2
22728,2
22731,2
22738,2
22739,2
22748,2
22754,2
22757,2
22759,2
22760,2
22765,2
22774,2
22775,2
22782,2
22804,1
22806,8
22807,2
22810,2
22821,2
22825,2
22829,2
22838,8
22855,2
22859,2
22860,2
22863,2
22866,2
22872,2
22873,2
22874,2
22881,2
22899,2
22901,2
22904,2
22916,2
22918,2
22919,2
22923,2
22930,2
22931,2
22936,2
22939,2
22940,2
22955,2
22956,2
22958,2
22960,2
22961,2
22962,3
22983,2
22985,2
22987,2
22990,3
22995,2
22998,2
23010,2
23016,2
23020,2
23037,2
23050,2
23074,2
23079,2
23081,2
23086,2
23087,2
23088,2
23099,2
23103,2
23107,2
23109,2
23110,2
23111,2
23120,2
23137,2
23166,2
23182,2
23203,2
23209,2
23222,2
23224,2
23232,2
23233,2
23249,3
23250,2
23256,2
23263,2
23278,2
23285,2
23287,2
23291,2
23292,2
23294,2
23299,2
23301,2
23304,1
23313,2
23317,2
23320,2
23322,2
23324,2
23327,2
23329,2
23339,2
23341,2
23350,2
23351,2
23353,2
23355,2
23358,2
23367,2
23380,2
23382,2
23383,2
23389,2
23390,2
23401,2
23405,2
23409,2
23410,2
23411,2
23412,2
23415,2
23423,2
23424,2
23450,2
23452,2
23457,2
23473,2
23476,2
23478,2
23486,2
23491,2
23496,2
23508,2
23511,2
23520,2
23521,2
23522,2
23523,2
23525,2
23526,2
23527,2
23538,2
23548,2
23549,2
23550,2
23556,2
23558,2
23563,2
23585,2
23593,2
23600,2
23601,2
23611,2
23613,2
23614,2
23622,2
23623,2
23633,2
23637,2
23638,2
23652,3
23661,2
23662,2
23665,2
23674,2
23675,2
23678,2
23679,2
23682,2
23685,2
23686,2
23700,2
23710,2
23717,2
23721,2
23725,2
23733,2
23735,2
23738,2
23740,2
23742,2
23755,2
23758,2
23764,2
23775,2
23777,2
23791,2
23793,2
23796,2
23800,2
23805,2
23812,2
23814,2
23823,1
23825,2
23831,2
23836,2
23837,2
23846,2
23847,2
23862,2
23870,1
23871,2
23888,2
23899,2
23900,2
23906,2
23914,2
23915,2
23916,2
23917,2
23918,2
23919,2
23920,2
23924,2
23926,2
23928,2
23932,2
23934,2
23936,2
23945,2
23946,2
23948,2
23950,2
23951,2
23954,2
23957,2
23967,2
23970,2
23974,2
23975,2
23980,2
23982,2
23985,2
23991,2
23992,2
24009,2
24015,2
24023,2
24026,2
24028,2
24032,2
24034,2
24039,2
24040,2
24042,2
24044,2
24045,2
24047,2
24048,2
24050,2
24064,2
24068,2
24074,2
24076,2
24078,2
24079,2
24082,2
24084,2
24086,2
24094,2
24099,2
24103,2
24104,2
24107,2
24117,2
24121,2
24123,2
24125,2
24140,2
24141,2
24142,2
24147,2
24149,2
24150,2
24153,2
24161,2
24163,2
24171,2
24181,2
24184,2
24185,2
24201,2
24212,2
24214,2
24215,2
24227,2
24230,2
24232,2
24233,2
24235,2
24236,2
24237,2
24240,2
24241,2
24245,2
24251,2
24252,2
24257,2
24262,2
24263,2
24265,2
24270,2
24276,2
24277,2
24280,2
24281,2
24282,2
24286,1
24293,2
24296,2
24298,2
24301,2
24307,2
24309,2
24310,2
24311,2
24313,2
24323,2
24325,2
24327,2
24334,2
24348,2
24356,2
24373,2
24377,2
24380,2
24392,2
24397,2
24410,2
24420,2
24421,2
24429,2
24439,2
24445,2
24455,2
24462,2
24463,2
24464,2
24469,2
24475,2
24492,2
24494,2
24500,2
24512,2
24514,2
24517,2
24521,2
24531,2
24532,2
24534,2
24535,2
24539,1
24540,2
24541,2
24549,2
24551,2
24557,2
24563,2
24567,2
24568,2
24581,2
24607,2
24617,2
24626,2
24635,2
24636,2
24637,2
24638,2
24642,2
24649,2
24652,2
24655,2
24665,2
24671,2
24673,8
24678,2
24679,2
24682,2
24683,2
24689,2
24691,2
24699,2
24706,2
24707,2
24708,2
24709,2
24710,2
24714,2
24716,2
24721,2
24726,2
24728,2
24732,2
24734,2
24735,2
24737,2
24740,2
24741,2
24746,2
24747,2
24750,2
24752,2
24753,2
24754,2
24755,2
24759,2
24761,2
24764,2
24772,2
24776,2
24778,2
24780,2
24796,2
24798,2
24800,1
24805,2
24830,2
24838,2
24840,2
24853,2
24854,2
24859,2
24867,2
24883,2
24886,2
24891,2
24892,2
24898,2
24903,2
24904,2
24905,2
24907,2
24911,3
24935,2
24938,2
24939,2
24944,2
24950,2
24951,2
24952,2
24968,2
24969,2
24982,2
25017,2
25021,2
25023,2
25046,2
25059,2
25060,2
25066,2
25070,2
25072,2
25073,2
25078,2
25108,2
25120,2
25123,2
25133,2
25174,2
25191,2
25197,2
25199,2
25212,2
25220,2
25225,8
25226,8
25232,2
25258,2
25261,2
25288,2
25291,2
25297,2
25299,2
25301,2
25302,2
25303,2
25313,2
25321,2
25335,2
25341,2
25343,2
25344,2
25346,2
25347,2
25348,2
25349,2
25360,2
25376,2
25380,2
25381,2
25383,3
25389,2
25398,2
25401,8
25404,2
25414,2
25424,2
25440,2
25452,2
25458,2
25459,2
25479,2
25480,2
25487,2
25502,2
25508,2
25513,2
25518,2
25519,2
25520,2
25521,2
25528,2
25530,2
25558,3
25563,3
25572,2
25579,2
25580,2
25587,2
25590,2
25594,2
25595,2
25596,2
25608,2
25612,2
25613,2
25619,2
25622,2
25625,2
25629,2
25640,2
25656,2
25657,2
25667,2
25673,2
25677,2
25680,2
25684,2
25688,2
25690,2
25697,2
25698,2
25720,2
25722,2
25724,2
25728,2
25731,2
25737,2
25745,2
25752,2
25763,2
25766,2
25781,2
25787,2
25796,2
25798,2
25801,2
25808,2
25809,2
25828,2
25829,2
25841,2
25842,2
25848,2
25852,2
25863,2
25867,2
25874,2
25875,2
25876,2
25877,2
25879,2
25880,2
25887,2
25902,2
25908,2
25914,1
25925,1
25940,2
25943,2
25944,2
25950,2
25951,8
25954,3
25964,2
25974,2
25980,3
25981,2
25983,2
25984,2
25990,2
25991,2
25993,2
26000,2
26001,2
26002,2
26035,2
26036,2
26045,2
26046,2
26049,2
26050,2
26051,2
26069,2
26074,2
26078,2
26079,8
26080,8
26082,8
26083,8
26089,2
26101,2
26102,2
26110,2
26124,2
26132,2
26146,2
26167,2
26169,2
26171,2
26178,2
26183,2
26184,2
26186,2
26188,2
26192,2
26196,2
26202,2
26205,2
26209,2
26211,2
26217,2
26218,2
26219,2
26223,2
26238,2
26259,2
26277,2
26284,2
26288,2
26290,2
26305,2
26317,2
26319,2
26325,2
26327,2
26338,2
26342,2
26343,2
26347,2
26348,2
26357,2
26358,2
26370,2
26372,2
26376,2
26421,2
26423,2
26428,2
26429,2
26431,2
26443,2
26445,2
26447,2
26448,2
26452,2
26454,2
26464,2
26470,2
26475,2
26478,8
26479,8
26480,8
26491,2
26494,2
26499,2
26512,2
26518,2
26530,2
26545,2
26548,2
26553,2
26555,2
26562,2
26572,2
26578,2
26579,2
26580,2
26587,2
26597,2
26600,2
26607,2
26609,2
26611,2
26618,2
26622,2
26628,2
26630,2
26633,2
26639,2
26642,2
26646,2
26648,2
26651,2
26658,2
26659,2
26663,2
26664,2
26668,2
26680,1
26685,2
26687,2
26688,2
26691,2
26692,2
26693,2
26694,2
26700,2
26707,2
26710,2
26717,2
26720,2
26729,2
26742,2
26743,2
26748,2
26757,2
26761,2
26773,2
26775,2
26778,2
26781,2
26784,2
26787,2
26788,2
26792,2
26794,2
26795,2
26808,2
26809,2
26811,2
26812,2
26817,2
26819,2
26821,2
26830,2
26831,2
26834,2
26836,2
26845,2
26848,2
26858,2
26861,2
26872,2
26873,2
26875,2
26879,2
26880,2
26889,2
26890,2
26894,2
26895,2
26904,2
26914,2
26919,2
26923,2
26932,2
26933,3
26936,2
26937,2
26938,2
26940,2
26943,2
26945,2
26959,2
26967,2
26976,2
26977,2
26981,2
26983,2
26984,2
26987,2
26991,2
27000,2
27007,2
27011,2
27014,2
27015,2
27032,2
27033,2
27035,2
27036,2
27037,2
27038,2
27039,2
27040,2
27041,2
27046,2
27051,2
27057,2
27074,2
27075,2
27079,2
27086,2
27087,2
27091,2
27097,2
27099,2
27114,2
27124,2
27126,2
27128,2
27132,2
27133,2
27138,2
27140,2
27141,2
27149,2
27150,2
27151,2
27154,2
27169,2
27175,2
27177,2
27180,2
27187,2
27189,2
27198,2
27201,2
27209,2
27215,2
27227,2
27231,2
27233,1
27236,2
27257,2
27260,2
27263,2
27282,2
27289,2
27290,2
27306,2
27312,2
27314,2
27318,2
27322,2
27323,2
27327,2
27333,2
27349,2
27354,2
27355,2
27356,2
27370,2
27374,2
27377,2
27379,2
27391,2
27395,2
27400,2
27418,2
27419,2
27420,2
27422,2
27426,2
27429,2
27434,2
27438,2
27441,2
27453,2
27465,2
27467,2
27472,2
27474,2
27483,2
27520,2
27527,2
27528,2
27543,2
27560,2
27570,2
27575,2
27616,2
27618,2
27623,2
27624,2
27625,2
27638,2
27639,2
27641,2
27643,2
27644,2
27647,2
27655,2
27662,2
27672,2
27696,2
27697,2
27700,2
27711,2
27713,2
27714,2
27719,2
27723,2
27732,2
27734,2
27736,2
27737,2
27738,2
27741,2
27745,2
27747,2
27748,2
27750,2
27751,2
27753,2
27754,2
27769,2
27781,2
27782,2
27783,1
27784,2
27800,2
27809,2
27810,2
27825,2
27835,2
27838,2
27842,2
27843,2
27847,2
27857,2
27859,2
27864,2
27870,2
27871,2
27878,2
27887,2
27891,2
27904,2
27906,2
27907,2
27920,2
27923,3
27924,2
27927,2
27929,2
27935,1
27936,2
27941,2
27942,2
27945,2
27949,2
27962,2
27969,2
27989,2
27992,2
27994,2
28000,2
28003,2
28007,8
28008,8
28009,8
28010,8
28011,8
28012,8
28016,2
28023,2
28027,2
29028,2
29030,2
29035,2
29041,2
29042,2
29043,2
29044,2
29053,2
29055,2
29056,2
29066,2
29070,2
29071,2
29076,2
29086,2
29087,2
29104,2
29105,2
29106,2
29108,2
29112,2
29130,2
29131,2
29142,2
29143,2
29144,2
29146,2
29148,2
29149,2
29150,2
29166,2
29172,2
29173,2
29174,2
29175,2
29176,2
29178,2
29193,2
29195,2
29212,2
29235,2
29260,2
29275,2
29282,2
29286,2
29309,2
29318,2
29320,2
29332,2
29335,2
29339,2
29343,2
29347,2
29352,2
29353,2
29363,2
29375,2
29377,2
29381,2
29385,2
29390,2
29392,2
29405,2
29414,2
29416,2
29421,2
29433,2
29434,2
29441,2
29443,2
29464,2
29467,2
29476,2
29477,2
29478,2
29483,2
29485,2
29486,2
29489,2
29493,2
29496,2
29497,2
29504,2
29505,2
29514,2
29518,2
29523,2
29525,2
29531,2
29532,2
29533,2
29536,2
29552,2
29555,2
29561,2
29563,2
29568,2
29569,2
29574,2
29576,2
29578,2
29587,2
29594,3
29598,2
29604,2
29605,2
29610,2
29623,2
29624,2
29630,2
29637,2
29653,1
29655,2
29657,2
29659,2
29660,2
29661,2
29662,2
29663,2
29664,2
29665,2
29667,2
29685,2
29698,2
29699,2
29703,2
29705,8
29706,2
29711,2
29712,2
29714,2
29723,2
29725,2
29726,2
29737,2
29761,3
29762,3
29770,2
29776,2
29793,2
29797,2
29803,2
29807,2
29810,2
29818,2
29840,2
29841,2
29842,2
29844,2
29860,2
29861,2
29863,2
29865,2
29870,2
29871,2
29876,2
29882,2
29886,2
29887,2
29895,2
29908,2
29910,2
29920,2
29921,2
29931,2
29943,2
29944,2
29954,2
29985,2
30023,2
30030,2
30031,2
30032,2
30034,2
30035,2
30038,2
30039,2
30048,2
30053,2
30058,2
30060,3
30067,1
30082,2
30084,2
30090,2
30091,2
30094,2
30103,2
30106,2
30118,2
30120,2
30123,2
30127,2
30129,2
30133,2
30134,2
30139,2
30143,2
30150,2
30164,2
30183,2
30186,2
30191,2
30193,2
30198,1
30200,2
30201,1
30210,2
30215,2
30216,2
30241,2
30259,2
30263,2
30309,2
30313,2
30318,2
30328,2
30331,2
30344,2
30358,2
30385,2
30399,2
30411,2
30415,2
30422,2
30425,2
30429,2
30431,2
30435,2
30437,2
30443,2
30445,2
30448,2
30462,2
30463,2
30466,2
30473,2
30486,2
30492,2
30494,2
30510,2
30512,2
30522,2
30523,2
30524,2
30527,2
30528,2
30531,2
30534,2
30536,2
30540,2
30545,2
30550,2
30551,2
30567,2
30568,2
30572,2
30581,2
30585,2
30591,2
30605,2
30606,2
30610,2
30623,2
30626,2
30634,2
30639,2
30650,2
30653,2
30659,2
30660,2
30661,2
30664,2
30687,2
30688,2
30698,2
30699,2
30700,2
30719,2
30722,2
30728,2
30734,2
30736,2
30747,2
30748,2
30749,2
30755,2
30757,2
30758,2
30788,2
30793,2
30801,2
30811,2
30812,2
30821,2
30826,2
30833,2
30841,2
30846,2
30849,2
30850,2
30862,2
30874,2
30894,1
30900,2
30905,2
30907,2
30911,2
30914,2
30919,2
30924,2
30928,2
30932,2
30937,2
30962,2
30971,2
30977,2
30990,2
30993,2
30996,2
30997,2
31010,2
31017,2
31025,2
31039,2
31041,2
31081,2
31082,2
31083,2
31084,2
31085,2
31101,2
31105,2
31108,2
31118,2
31123,2
31133,2
31139,2
31148,2
31153,2
31155,2
31164,2
31176,2
31179,2
31185,2
31197,2
31203,2
31209,2
31214,2
31216,2
31219,2
31226,2
31228,2
31230,2
31235,2
31243,2
31250,2
31254,1
31256,2
31260,2
31262,2
31263,2
31271,2
31274,2
31275,2
31277,2
31281,2
31301,2
31316,2
31320,2
31334,2
31343,2
31344,2
31346,2
31359,2
31363,2
31379,2
31382,2
31404,2
31405,2
31406,2
31414,2
31418,2
31421,2
31433,2
31434,2
31440,2
31443,2
31451,2
31457,2
31458,2
31465,2
31475,2
31478,2
31479,2
31489,2
31491,2
31492,2
31500,2
31505,2
31506,2
31508,2
31514,2
31518,2
31522,2
31541,2
31546,2
31548,2
31556,2
31557,2
31559,2
31565,2
31574,2
31576,2
31581,2
31583,2
31590,2
31592,2
31596,2
31600,2
31604,2
31606,2
31609,2
31612,2
31621,2
31624,2
31629,2
31630,2
31631,2
31632,2
31638,2
31640,2
31644,1
31648,2
31651,2
31657,2
31660,2
31666,2
31668,2
31680,2
31683,2
31687,2
31693,2
31695,2
31703,3
31707,2
31710,2
31736,2
31738,2
31745,2
31749,2
31752,2
31755,2
31756,2
31773,2
31779,1
31792,2
31799,2
31810,2
31817,2
31820,2
31822,2
31827,2
31833,2
31843,2
31844,2
31847,2
31854,2
31857,2
31859,2
31861,2
31862,2
31865,2
31876,2
31877,2
31881,2
31894,2
31897,2
31898,2
31911,2
31916,2
31919,2
31926,2
31927,2
31933,2
31937,2
31939,2
31940,2
31950,2
31960,2
31967,2
31972,2
31979,2
31982,2
31988,2
31991,2
31992,2
31997,2
32013,2
32025,2
32027,2
32030,2
32034,2
32042,2
32047,2
32051,2
32053,1
32057,2
32062,2
32073,2
32081,2
32086,2
32093,2
32094,2
32099,2
32103,2
32104,2
32105,2
32111,2
32118,2
32119,2
32123,2
32124,2
32125,2
32126,2
32132,2
32135,2
32141,2
32143,2
32147,2
32152,2
32163,2
32170,2
32176,2
32178,2
32183,2
32190,2
32193,2
32195,2
32223,2
32224,2
32230,2
32237,2
32239,2
32242,2
32251,2
32255,2
32261,2
32265,2
32272,2
32276,2
32277,2
32281,2
32283,2
32284,2
32288,2
32289,2
32291,2
32300,2
32302,2
32305,2
32311,2
32317,2
32337,2
32347,2
32349,2
32351,2
32358,2
32373,2
32377,2
32378,2
32379,2
32381,2
32383,2
32391,2
32392,2
32393,2
32400,2
32401,2
32402,2
32403,2
32406,2
32409,2
32427,2
32436,2
32437,2
32440,2
32441,2
32452,2
32455,2
32456,2
32464,2
32465,2
32475,2
32477,2
32482,2
32484,2
32485,2
32500,2
32505,2
32506,2
32513,2
32522,2
32524,2
32542,2
32548,2
32550,2
32554,2
32559,2
32563,2
32564,2
32569,2
32583,2
32586,2
32591,2
32592,2
32597,2
32599,2
32604,2
32607,2
32610,2
32612,2
32615,2
32616,2
32629,2
32633,2
32640,2
32642,2
32649,2
32654,2
32656,2
32657,2
32661,2
32677,2
32690,2
32691,2
32698,2
32699,2
32701,2
32702,2
32703,2
32706,2
32707,2
32710,2
32714,2
32719,2
32721,2
32727,2
32728,2
32738,2
32742,2
32757,2
32758,2
32762,2
32771,2
32773,2
32797,2
32802,2
32804,2
32811,2
32814,2
32817,2
32826,2
32827,2
32834,2
32838,2
32840,2
32841,2
32842,2
32845,2
32847,2
32860,2
32862,2
32868,2
32871,2
32892,2
32893,2
32895,2
32900,2
32904,2
32926,2
32936,2
32941,2
32944,2
32945,2
32949,2
32955,2
32956,2
32957,2
32965,2
32969,2
32974,2
32977,2
32981,2
32987,2
32990,2
32994,2
33002,2
33004,2
33006,2
33017,2
33028,2
33033,2
33034,2
33037,2
33039,2
33044,2
33049,2
33060,2
33061,2
33063,2
33064,2
33068,2
33069,2
33072,2
33075,2
33077,2
33078,2
33079,2
33089,2
33092,2
33101,8
33102,8
33103,8
33104,8
33105,8
33106,8
33107,8
33119,2
33120,2
33122,2
33130,2
33133,2
33148,2
33151,2
33173,2
33177,2
33182,2
33189,2
33191,2
33192,2
33193,2
33195,2
33197,2
33204,2
33215,2
33221,2
33226,2
33244,2
33245,2
33246,3
33247,2
33249,2
33250,2
33252,2
33264,2
33266,2
33269,2
33270,2
33290,2
33306,2
33312,2
33317,3
33332,2
33337,2
33339,2
33347,2
33349,2
33350,2
33351,2
33352,2
33353,2
33364,2
33365,2
33367,2
33374,2
33400,2
33416,2
33418,2
33431,2
33437,2
33439,2
33443,2
33444,2
33446,2
33447,2
33450,2
33453,2
33459,2
33461,2
33462,2
33466,2
33467,2
33475,2
33497,2
33498,2
33500,2
33501,2
33506,2
33508,2
33516,2
33517,2
33521,2
33523,2
33525,2
33537,2
33549,2
33550,2
33551,2
33554,2
33567,2
33580,2
33592,2
33593,2
33607,1
33611,2
33629,2
33630,2
33631,2
33633,2
33638,2
33643,2
33644,2
33647,2
33656,2
33657,1
33665,2
33667,2
33672,2
33676,2
33679,3
33689,2
33697,2
33704,2
33717,2
33727,2
33728,2
33729,2
33737,2
33749,2
33764,2
33766,2
33767,2
33768,2
33778,2
33781,2
33794,2
33828,2
33838,2
33842,2
33843,3
33854,2
33855,2
33857,2
33862,2
33864,2
33867,2
33871,2
33874,2
33878,2
33886,2
33898,2
33903,2
33904,2
33905,2
33908,2
33925,2
33936,2
33952,2
33974,2
33981,2
33989,2
34004,2
34013,2
34017,2
34024,2
34028,2
34031,2
34034,2
34038,2
34044,2
34045,2
34048,2
34055,2
34058,2
34059,2
34060,2
34068,2
34073,2
34083,2
34093,2
34097,2
34103,2
34108,2
34116,2
34131,2
34133,2
34137,2
34142,2
34145,2
34150,2
34151,2
34153,2
34159,2
34160,2
34162,2
34163,2
34164,2
34165,2
34166,2
34172,2
34177,2
34178,2
34179,2
34181,2
34184,2
34185,2
34189,2
34198,2
34200,2
34208,2
34215,2
34219,2
34224,2
34226,2
34229,2
34234,2
34244,2
34247,2
34252,2
34253,2
34259,2
34263,2
34268,2
34270,2
34273,2
34277,2
34290,2
34295,2
34297,2
34308,2
34312,2
34337,2
34339,2
34340,2
34341,2
34342,2
34346,2
34347,2
34348,2
34353,2
34355,2
34359,2
34360,2
34361,2
34363,2
34366,2
34370,2
34375,3
34384,2
34405,2
34407,2
34419,1
34425,2
34426,2
34431,2
34439,2
34443,2
34448,2
34456,2
34461,2
34478,2
34493,2
34500,2
34503,2
34507,2
34510,2
34513,2
34516,2
34519,2
34520,2
34523,2
34524,2
34525,2
34526,2
34531,2
34534,2
34538,1
34542,1
34564,2
34570,2
34572,2
34573,2
34574,2
34580,2
34583,2
34588,2
34595,2
34596,2
34598,2
34600,2
34610,2
34614,2
34626,2
34627,2
34635,2
34636,2
34639,2
34642,2
34643,2
34649,2
34651,2
34653,2
34654,2
34665,2
34668,2
34676,2
34678,2
34681,2
34685,2
34686,2
34688,2
34689,2
34713,2
34720,2
34725,2
34727,2
34730,2
34735,2
34738,2
34746,2
34762,2
34763,2
34768,2
34776,2
34778,2
34785,2
34786,2
34787,2
34788,2
34790,2
34794,2
34822,2
34832,2
34833,2
34834,2
34845,2
34851,2
34862,2
34869,2
34870,2
34879,2
34886,2
34897,2
34898,2
34899,2
34903,2
34907,2
34909,2
34910,2
34914,2
34922,2
34929,2
34930,2
34954,2
34958,2
34959,2
34970,3
34979,2
34985,2
34991,2
34994,2
35004,2
35007,2
35010,2
35014,2
35015,2
35037,2
35043,2
35058,2
35064,2
35073,2
35074,2
35083,2
35092,2
35093,2
35099,2
35110,2
35111,2
35122,2
35130,2
35131,2
35133,2
35136,2
35145,2
35146,2
35150,3
35157,2
35166,2
35169,2
35175,2
35184,2
35185,2
35186,2
35195,2
35197,2
35200,2
35214,2
35220,2
35245,2
35251,2
35259,2
35268,2
35270,2
35272,8
35278,2
35288,2
35291,2
35297,2
35305,2
35306,2
35313,2
35321,2
35326,2
35327,2
35347,2
35354,2
35361,2
35364,2
35366,2
35367,2
35371,2
35373,2
35376,2
35384,2
35385,2
35390,2
35401,2
35407,2
35410,2
35420,2
35421,2
35427,2
35429,2
35430,2
35432,2
35439,2
35446,2
35448,2
35453,2
35461,2
35464,2
35467,2
35471,2
35472,2
35476,1
35481,2
35485,2
35489,2
35504,2
35510,2
35511,2
35524,2
35546,2
35561,2
35575,2
35594,2
35598,2
35604,2
35606,2
35613,2
35628,2
35634,2
35636,2
35637,2
35638,2
35640,2
35655,2
35663,2
35681,2
35684,2
35685,2
35700,2
35702,2
35715,2
35724,2
35725,2
35732,2
35735,2
35739,2
35743,2
35745,2
35752,2
35755,2
35756,2
35763,2
35768,2
35776,2
35779,3
35781,2
35785,2
35791,2
35797,2
35798,2
35809,2
35811,2
35816,2
35817,2
35818,2
35826,2
35832,2
35837,2
35839,2
35846,2
35850,2
35852,2
35853,2
35857,2
35864,2
35888,2
35893,2
35894,2
35896,2
35909,2
35916,2
35923,2
35924,2
35925,2
35941,2
35946,2
35947,2
35955,2
35962,2
35965,2
35972,2
35978,2
35991,2
35995,2
35999,2
36007,2
36010,2
36015,2
36032,2
36034,2
36035,2
36039,2
36048,2
36060,2
36062,2
36068,2
36070,2
