competition_id,organization_id
2408,
2435,
2438,
2439,
2442,
2445,
2447,
2448,
2452,
2454,
2464,
2467,
2478,
2479,
2487,
2488,
2489,
2496,
2499,
2509,18.0
2518,
2549,
2551,
2552,
2554,
2555,
2558,
2559,
2564,
2589,
2602,
2606,
2609,
2658,
2667,
2711,
2730,
2732,
2742,
2748,
2749,
2752,
2758,
2762,
2780,
2799,
2831,
2840,
2860,
2863,
2888,
2889,
2895,
2917,
2935,
2947,2.0
2954,
2958,
2959,
2963,
2969,
2975,
2984,
3023,
3043,66.0
3046,
3064,
3065,
3066,
3080,
3084,
3090,
3108,12.0
3112,
3126,
3152,
3154,
3163,2.0
3175,
3193,
3198,
3199,
3209,
3211,
3235,
3238,
3250,
3272,
3273,
3288,
3289,
3294,
3300,
3316,
3321,
3337,4.0
3338,
3342,236.0
3346,
3353,
3354,
3362,4.0
3364,
3366,
3370,
3377,
3384,
3385,
3386,
3403,
3412,4.0
3428,4.0
3438,
3439,
3445,
3446,
3467,
3469,
3471,
3477,
3486,4.0
3493,
3495,
3497,
3504,
3507,
3509,
3517,
3521,
3524,
3526,
3532,
3535,4.0
3539,2.0
3540,
3582,
3586,3.0
3599,
3602,
3611,
3617,
3634,
3638,4.0
3641,
3645,
3649,4.0
3656,
3670,114.0
3706,
3729,
3731,
3756,
3772,
3774,
3785,
3788,18.0
3793,
3800,
3810,4.0
3814,
3816,14.0
3843,
3860,
3861,
3867,
3879,
3887,
3888,
3890,
3891,
3897,
3903,
3913,
3926,
3927,4.0
3928,
3929,78.0
3930,
3933,
3934,
3936,4.0
3940,
3943,
3947,4.0
3948,4.0
3949,4.0
3951,
3953,
3954,
3959,
3960,
3966,
3971,4.0
3973,
3978,360.0
3984,
3987,
4000,
4004,
4024,
4031,
4032,4.0
4037,
4043,
4050,
4054,
4066,
4080,
4104,
4107,
4117,183.0
4120,
4123,
4125,
4128,4.0
4167,
4172,
4174,
4175,
4184,
4193,
4194,
4195,
4209,
4265,
4272,
4278,
4280,
4294,2.0
4315,
4319,
4332,14.0
4353,
4360,
4363,
4366,
4378,
4383,
4400,
4406,4.0
4407,3.0
4413,
4427,
4438,78.0
4441,
4447,
4450,
4451,
4453,
4455,
4456,
4458,4.0
4459,4.0
4466,
4467,
4470,
4471,
4477,
4481,1022.0
4485,
4486,
4487,
4488,
4493,
4495,
4504,
4520,
4521,22.0
4526,4.0
4554,
4567,
4568,
4571,17.0
4588,
4594,
4603,
4620,
4650,
4651,224.0
4654,14.0
4657,
4676,
4699,
4704,
4729,360.0
4746,
4751,
4754,
4758,
4770,
4775,
4794,
4813,
4816,
4818,
4821,
4829,
4837,
4852,
4853,
4857,
4860,
4862,
4879,
4899,
4901,
4916,
4938,
4963,
4973,
4982,
4986,141.0
4996,
5001,
5024,
5033,
5039,4.0
5043,
5048,
5056,
5078,
5080,
5081,
5100,
5120,
5127,4.0
5140,
5144,
5145,
5167,
5169,
5171,
5174,78.0
5183,
5185,4.0
5186,2.0
5190,
5200,
5208,
5215,
5229,
5232,
5237,
5255,
5256,
5260,
5261,
5266,
5275,
5286,
5296,
5303,
5313,
5314,4.0
5315,
5320,
5321,
5325,18.0
5340,1356.0
5341,
5342,
5343,
5354,
5357,11.0
5360,
5371,
5374,
5385,
5390,
5400,
5404,
5408,4.0
5428,
5441,4.0
5450,
5485,
5488,
5497,13.0
5498,
5499,
5520,
5532,
5534,
5548,
5555,
5558,141.0
5560,
5562,
5563,
5566,
5568,210.0
5579,
5586,
5589,
5590,274.0
5618,
5658,
5674,
5686,
5693,
5697,
5708,
5712,
5719,
5735,
5742,
5743,
5777,
5786,
5812,
5826,
5827,
5833,
5846,
5847,
5860,
5862,
5865,
5871,
5874,274.0
5875,
5881,
5882,
5896,
5901,
5903,
5913,
5915,
5916,322.0
5923,
5926,
5933,
5942,
5977,
5984,
5988,
5994,
5999,
6000,
6003,
6004,360.0
6008,
6011,
6013,
6049,445.0
6067,
6072,
6097,
6098,
6100,
6109,
6116,22.0
6127,
6152,
6163,
6176,
6197,
6207,
6223,
6231,
6232,
6241,
6242,
6243,484.0
6244,
6252,
6270,
6274,
6276,
6277,407.0
6293,
6295,
6300,
6312,
6315,
6322,505.0
6334,
6341,
6356,
6387,
6392,556.0
6404,
6420,
6422,
6438,
6443,
6466,
6467,
6469,
6476,
6482,
6483,
6495,
6513,
6520,
6535,
6538,855.0
6539,855.0
6552,
6565,681.0
6566,
6570,
6592,
6615,
6631,
6644,675.0
6649,188.0
6666,
6682,
6708,
6716,
6727,
6732,
6733,
6734,
6736,
6740,
6747,
6751,
6754,
6759,
6762,
6764,
6766,
6768,855.0
6775,384.0
6776,
6799,768.0
6803,
6818,4.0
6820,
6834,
6839,
6841,4.0
6854,
6864,817.0
6866,817.0
6867,817.0
6910,
6911,
6916,
6920,
6927,833.0
6944,
6953,
6960,4.0
6961,4.0
6963,
6980,
6983,
6986,
6988,
7018,
7042,855.0
7043,855.0
7046,
7047,
7050,
7051,
7057,
7062,
7082,960.0
7100,
7104,
7115,953.0
7126,
7144,
7162,975.0
7163,975.0
7165,
7181,
7187,
7199,
7214,
7219,
7249,
7277,1022.0
7283,
7288,
7294,
7296,
7299,4.0
7304,
7305,
7318,
7327,4.0
7328,
7339,
7340,
7362,
7363,
7372,
7378,
7380,1039.0
7384,
7391,1042.0
7401,
7403,
7407,
7413,
7414,
7417,
7420,
7425,
7431,
7436,
7438,
7442,
7446,
7450,
7453,
7456,855.0
7457,
7463,
7466,
7468,
7478,
7497,
7506,
7516,4.0
7525,
7529,
7540,
7555,
7558,
7559,1076.0
7563,
7565,
7572,
7574,642.0
7582,
7592,
7597,
7599,
7633,
7634,817.0
7639,
7654,
7659,
7664,
7666,
7669,
7670,
7682,
7683,
7686,
7689,
7693,642.0
7694,
7697,
7702,
7705,
7710,
7711,
7712,
7713,
7714,
7715,
7741,
7747,
7751,
7752,
7753,
7764,
7778,
7785,
7789,
7795,
7810,
7811,
7814,
7816,
7822,
7823,
7827,
7828,
7833,
7835,
7838,
7843,
7844,
7846,
7847,
7859,
7860,
7864,
7867,
7878,1588.0
7880,4.0
7886,642.0
7902,
7904,
7908,
7914,
7918,
7919,
7922,
7925,
7928,
7929,
7930,
7932,
7934,
7936,
7941,
7952,
7955,
7968,855.0
7970,
7979,
7984,
7991,
7993,
8009,
8011,4.0
8027,
8032,
8048,
8049,
8050,
8067,
8069,
8076,1218.0
8078,1220.0
8086,
8089,360.0
8096,
8098,
8099,
8137,
8142,
8144,
8146,
8149,
8157,
8170,
8172,
8219,
8220,
8222,
8225,
8226,
8227,
8229,
8241,
8243,
8276,
8277,
8287,
8288,
8294,
8303,
8307,
8310,445.0
8311,445.0
8316,
8317,
8365,
8375,
8377,
8392,
8396,855.0
8400,
8409,
8423,
8426,1318.0
8445,
8449,
8452,
8461,
8465,
8469,
8475,
8480,
8487,
8497,
8498,
8511,
8512,
8514,
8525,
8538,
8540,1356.0
8563,
8564,
8569,
8573,
8578,
8582,
8586,78.0
8590,
8600,
8601,
8606,
8653,
8657,
8658,
8665,
8666,
8672,
8673,642.0
8679,
8689,
8694,
8722,
8731,
8732,
8736,
8743,
8754,
8756,
8758,
8779,
8782,
8792,
8801,
8804,
8811,
8832,
8853,
8855,
8857,
8866,
8885,
8899,1520.0
8900,
8906,
8910,
8916,
8933,
8935,
8937,
8943,
8947,
8970,
8991,
9004,
9010,
9014,
9015,
9020,
9023,
9024,
9033,
9051,
9057,
9058,
9075,
9076,
9096,
9102,
9106,
9108,
9113,
9118,
9120,1536.0
9121,
9129,
9131,
9133,
9138,
9139,
9140,
9141,
9143,
9144,
9145,
9146,
9149,
9150,
9170,
9181,
9182,
9188,
9196,
9198,
9199,
9209,1056.0
9224,
9232,
9254,1056.0
9256,
9266,
9284,
9289,
9300,642.0
9301,1623.0
9311,
9313,
9318,
9357,
9359,
9372,
9378,
9381,
9388,
9389,
9390,
9404,
9405,
9412,
9422,
9430,642.0
9435,
9453,
9461,
9465,
9473,
9474,
9475,
9491,
9498,
9501,
9511,
9534,
9538,
9547,
9550,1593.0
9560,
9568,
9571,
9590,
9618,
9619,
9627,
9664,
9671,
9688,
9690,
9701,
9702,1593.0
9703,1593.0
9715,
9717,141.0
9721,
9722,
9733,
9741,
9745,
9748,
9759,
9760,
9770,
9792,
9795,
9814,
9816,
9823,
9826,
9827,
9829,
9840,1764.0
9857,
9859,
9864,
9876,507.0
9878,
9891,
9902,
9915,
9916,
9917,507.0
9933,274.0
9940,
9946,
9948,
9949,1623.0
9951,1623.0
9956,
9962,
9971,
9978,
9980,
9982,
9985,4.0
9986,
9988,1785.0
9992,2301.0
9993,2893.0
9994,3724.0
9999,4.0
10001,
10006,
10012,4.0
10014,
10025,4.0
10038,1726.0
10039,
10046,
10047,
10090,
10093,
10102,
10110,
10111,
10113,
10114,
10117,
10118,
10128,
10129,
10134,
10140,
10141,
10151,1761.0
10155,
10156,
10160,
10161,
10166,
10170,445.0
10171,
10172,
10189,
10192,
10194,
10195,
10200,1623.0
10208,
10214,
10226,
10228,
10249,
10270,
10281,
10296,
10300,4.0
10306,
10308,
10335,4.0
10338,1817.0
10343,
10345,
10356,
10367,
10382,
10384,1916.0
10385,141.0
10386,1623.0
10389,
10396,
10402,
10408,
10418,1861.0
10423,
10445,2084.0
10454,
10456,
10474,
10475,
10480,
10483,
10485,
10493,
10507,
10518,
10519,
10523,
10530,
10538,
10540,
10541,
10546,
10547,
10568,
10582,
10588,
10592,
10599,
10604,
10609,
10610,
10622,
10625,
10626,
10633,
10648,
10675,
10683,183.0
10684,2247.0
10686,2170.0
10690,
10694,
10700,1453.0
10721,
10733,4.0
10736,
10737,407.0
10739,
10741,
10747,1914.0
10754,
10755,
10756,
10757,
10796,
10823,
10838,
10851,
10854,
10855,
10856,
10857,
10858,
10870,
10874,
10879,
10888,
10903,
10924,
10948,
10955,
10956,
10962,
10971,
10973,
10992,
10994,
10997,
11000,2283.0
11029,
11036,
11053,
11055,
11056,
11058,
11059,
11064,
11068,
11070,
11073,
11074,
11079,
11081,
11083,
11094,
11098,
11102,
11109,
11116,
11121,
11132,
11139,
11156,
11161,
11167,
11174,
11185,
11189,
11190,
11201,
11223,
11224,
11225,
11239,
11243,
11244,
11260,
11261,
11264,
11286,
11293,
11295,
11297,
11311,
11317,
11321,
11325,
11332,
11346,
11354,
11355,
11356,
11369,
11372,
11376,
11379,
11383,
11384,
11392,
11401,
11405,
11422,
11433,
11435,
11438,
11451,
11454,
11463,
11466,
11468,
11469,
11473,
11475,
11478,
11487,
11493,
11494,
11498,
11501,
11510,
11532,
11533,
11541,
11542,
11547,
11553,
11554,
11556,
11562,
11570,
11574,
11585,
11587,
11588,
11601,
11614,
11625,2087.0
11636,
11643,
11649,
11673,
11674,
11679,
11680,
11681,
11684,
11708,
11712,
11714,
11727,
11738,
11745,
11746,
11748,
11749,
11750,
11754,
11770,
11774,
11782,
11785,
11786,
11787,
11788,
11789,
11790,
11792,
11794,
11802,1914.0
11803,
11806,
11835,360.0
11836,855.0
11838,855.0
11842,
11848,4.0
11851,
11880,4.0
11914,
11947,
11951,
11955,
11960,
11972,
11981,
11982,
11988,
11992,
11993,
11994,
11999,445.0
12000,445.0
12007,
12009,
12016,1914.0
12018,
12020,
12040,
12048,
12054,
12061,
12065,
12073,
12074,
12078,
12081,
12082,
12083,
12085,
12088,
12089,
12093,
12094,
12098,
12102,
12110,
12112,
12114,
12122,
12133,4.0
12142,
12146,
12152,
12167,
12168,
12171,
12178,
12187,
12208,
12223,
12232,
12233,
12234,
12236,
12245,
12270,
12292,
12305,
12307,
12313,
12327,
12329,
12335,
12343,
12349,
12354,
12357,
12358,
12359,
12363,
12366,
12367,
12371,
12374,
12379,
12386,
12399,
12401,
12417,
12427,
12428,
12432,
12437,
12441,
12442,
12459,
12464,
12483,
12488,
12495,
12496,
12500,1218.0
12506,
12512,
12543,
12546,
12552,
12558,
12572,
12573,
12594,
12598,
12611,
12631,
12633,2331.0
12649,
12652,
12653,
12654,
12655,
12659,
12666,
12681,
12686,
12705,
12708,
12716,1623.0
12717,
12718,
12719,
12720,
12722,
12724,
12727,
12731,
12733,
12739,
12742,
12743,
12750,
12758,
12760,
12797,1623.0
12801,
12805,
12840,
12844,
12845,
12851,
12863,1099.0
12871,
12872,
12874,2304.0
12885,
12895,
12896,4.0
12904,
12906,
12909,
12911,
12915,
12919,
12920,
12927,
12930,
12940,
12941,
12943,
12944,
12952,
12953,
12954,
12961,2567.0
12964,
12968,
12971,
12974,
12979,
12987,
13000,
13005,
13009,
13012,
13020,
13030,
13032,2567.0
13034,
13036,
13037,
13050,
13058,
13077,
13078,
13079,
13082,
13084,
13091,
13092,
13093,
13100,
13101,
13121,
13122,
13124,
13125,
13137,
13157,2567.0
13162,
13172,
13177,
13180,
13204,
13211,
13212,
13215,
13216,
13221,
13222,
13226,
13232,
13236,
13242,4.0
13244,
13248,
13250,
13251,2567.0
13252,
13255,
13256,
13257,
13259,
13261,
13265,
13269,
13270,
13275,
13276,
13277,2567.0
13280,
13284,
13287,
13292,
13296,
13307,
13310,
13319,
13320,
13322,
13333,2833.0
13334,2567.0
13336,
13337,
13338,
13339,
13346,
13351,
13353,
13357,
13362,
13363,
13375,
13383,
13399,
13406,
13407,
13432,
13434,
13435,4.0
13439,
13441,
13449,
13451,1817.0
13457,
13458,
13471,
13481,
13482,
13485,
13498,
13503,4.0
13512,
13518,
13531,
13549,
13552,
13558,
13562,
13565,
13566,
13567,
13574,
13576,
13578,2681.0
13579,
13599,
13601,
13604,
13606,
13610,
13611,
13620,
13621,
13634,
13639,
13640,
13646,
13658,
13660,
13662,
13663,2567.0
13669,
13670,
13671,2567.0
13675,
13676,
13690,
13691,
13717,
13720,
13722,
13733,
13741,
13746,
13747,2567.0
13751,
13767,
13769,
13770,
13771,
13772,
13773,2567.0
13781,
13785,
13786,
13788,
13795,
13800,
13807,
13811,
13814,
13815,
13826,
13827,
13836,3758.0
13837,
13848,
13853,
13857,
13870,
13876,
13878,
13881,
13896,
13899,
13903,
13913,
13929,
13937,
13941,
13942,
13943,
13952,
13963,
13971,
13979,
13984,
13986,
13990,
13992,
13993,
13994,
13998,
13999,
14013,
14030,2621.0
14043,
14047,
14048,
14054,
14056,
14065,
14070,
14073,
14078,2436.0
14079,
14083,
14086,
14097,
14101,
14107,
14108,
14112,
14117,
14127,
14128,
14136,
14139,
14140,
14144,
14145,
14147,
14151,
14156,
14159,
14169,
14182,
14193,
14195,
14209,
14212,
14214,
14219,
14233,
14237,
14239,4.0
14240,
14241,2888.0
14242,3016.0
14245,
14248,
14253,
14259,
14267,
14268,
14276,
14279,
14282,
14288,
14294,
14295,
14312,
14313,2738.0
14315,1623.0
14316,1623.0
14318,
14325,
14330,
14331,
14333,
14336,
14341,
14345,
14350,
14384,
14389,
14405,
14420,2872.0
14422,
14424,
14429,
14434,
14440,
14442,
14445,
14451,
14453,
14461,
14469,
14476,
14481,
14482,
14486,
14496,
14497,
14499,
14501,
14502,
14507,
14508,
14520,
14522,
14539,1593.0
14540,
14541,
14544,1593.0
14545,1593.0
14549,
14556,
14573,
14579,
14595,
14606,
14611,
14612,
14619,
14627,
14629,
14642,
14647,
14652,2734.0
14661,
14666,
14668,
14672,
14681,
14682,
14688,
14689,2745.0
14691,
14697,
14698,
14710,
14711,
14716,
14720,
14728,
14745,642.0
14747,642.0
14749,
14750,
14752,
14754,
14756,
14762,
14771,
14774,2931.0
14777,
14778,
14787,
14790,
14793,
14794,
14804,
14807,
14809,
14813,
14820,
14828,
14834,
14836,
14845,
14852,
14858,1693.0
14859,1304.0
14867,
14872,
14876,
14887,
14894,
14897,1645.0
14898,
14909,
14915,
14938,
14959,
14967,
14976,
14982,
14999,4.0
15010,
15020,
15021,
15024,
15033,
15039,
15043,1623.0
15046,
15050,
15057,
15062,4.0
15068,
15079,
15082,
15088,
15089,
15102,
15105,
15113,
15120,
15128,
15130,
15142,
15153,
15155,
15157,
15165,
15171,2940.0
15173,
15177,
15178,
15179,
15183,
15193,
15207,
15208,
15209,
15214,
15217,
15218,
15234,
15243,
15274,
15277,
15279,
15281,
15286,
15287,
15288,
15292,
15293,
15294,
15306,
15319,
15331,
15336,
15339,3007.0
15347,
15356,
15372,
15376,
15383,
15397,
15414,
15416,
15439,2858.0
15447,
15450,
15451,
15465,
15470,
15472,
15474,
15477,
15479,
15482,
15483,
15488,
15492,
15496,
15500,
15504,
15515,
15518,
15523,
15623,
15624,
15627,
15643,
15657,
15670,
15671,
15678,
15689,3201.0
15696,2177.0
15711,
15716,
15717,
15723,
15733,
15745,
15746,
15749,
15768,3695.0
15778,
15780,
15786,
15789,
15793,
15813,
15823,
15836,
15838,
15845,
15848,
15865,
15870,
15909,
15963,
15965,
15972,
15975,
15982,
15984,
16011,
16017,4.0
16018,
16037,
16058,
16074,
16097,
16103,
16111,
16116,
16117,
16122,
16127,
16135,
16160,
16180,
16197,
16198,
16200,
16203,
16208,
16211,
16213,
16214,
16216,
16226,
16229,
16234,
16236,
16245,3725.0
16246,
16252,
16253,
16270,
16271,
16273,
16276,
16277,
16283,
16285,
16286,
16287,
16294,
16295,4.0
16296,
16297,
16299,
16300,
16303,
16311,
16315,
16317,2781.0
16319,2940.0
16337,
16340,
16345,
16348,
16351,
16361,
16371,
16375,
16379,
16385,
16396,
16398,
16404,
16431,
16432,
16433,
16435,
16443,
16451,
16461,
16463,
16469,
16476,
16504,
16520,
16529,
16531,360.0
16535,
16536,
16537,
16539,
16549,
16560,
16567,
16572,
16573,
16576,
16577,
16583,
16588,
16595,
16599,
16600,
16601,
16604,
16606,
16613,
16616,
16634,
16639,
16641,
16642,
16643,
16647,
16648,
16650,
16652,
16656,
16660,
16661,
16668,
16669,
16674,
16681,
16687,
16707,
16710,
16712,
16718,
16739,
16740,
16747,
16748,
16759,
16777,
16778,
16780,
16787,
16788,
16792,
16794,
16795,
16797,
16799,
16800,
16801,
16802,
16804,
16812,
16814,
16822,
16824,
16838,
16847,
16854,
16856,
16858,
16864,
16865,
16867,
16869,
16880,3728.0
16900,
16901,
16902,
16916,
16927,
16940,
16952,
16954,
16958,
16966,
16968,
16972,
16981,
16982,
16990,
17000,4.0
17002,
17004,
17010,
17013,
17014,
17017,2940.0
17018,
17024,
17026,
17028,
17029,
17030,
17031,
17034,
17040,
17051,
17057,
17063,
17065,
17072,
17077,
17101,
17104,
17106,
17108,
17109,
17128,
17129,
17135,
17136,
17143,
17145,
17158,
17160,
17161,
17162,
17165,
17167,
17175,
17177,
17190,
17193,
17213,
17216,
17218,
17221,
17223,
17224,
17227,
17233,4.0
17234,
17235,
17240,
17255,
17259,
17271,
17273,
17286,
17299,
17301,
17304,
17313,
17314,
17321,
17329,
17330,
17337,
17339,
17341,
17343,
17344,
17351,
17359,
17367,
17369,
17371,
17372,
17374,
17378,
17379,
17380,
17381,
17382,
17383,
17384,
17391,
17399,
17408,
17424,
17425,
17427,
17428,
17439,
17450,
17455,
17458,
17463,
17466,
17472,
17476,
17483,
17495,
17502,
17509,
17510,
17514,
17530,
17535,
17536,
17538,
17554,
17557,
17562,
17572,
17575,
17578,
17580,
17585,
17586,
17588,
17590,
17593,
17596,3201.0
17597,
17599,
17600,
17601,
17623,
17628,
17635,
17636,
17639,
17640,
17644,
17649,
17660,
17674,
17681,
17683,
17684,
17687,
17689,
17691,
17692,
17699,
17702,
17703,
17705,
17715,
17719,
17720,
17722,
17723,
17724,
17725,
17729,
17739,
17742,
17743,
17744,
17746,
17751,
17754,
17756,
17760,
17762,
17764,
17773,
17775,
17778,
17779,
17781,
17782,
17784,
17787,
17797,
17800,4.0
17804,
17805,
17806,
17807,
17809,
17812,
17815,
17823,
17824,
17828,
17829,
17836,
17847,
17848,
17850,
17859,
17862,
17863,
17867,
17875,
17876,
17885,
17888,
17914,
17915,
17923,
17927,
17928,
17934,
17941,
17943,
17947,
17950,
17952,
17972,
17984,
17985,
17986,
17990,
17991,
17997,
18005,
18011,4.0
18013,
18019,
18025,
18032,
18045,3736.0
18046,
18065,
18066,
18069,
18072,
18074,
18076,
18077,
18078,
18079,
18080,
18081,
18086,
18088,
18103,
18110,
18118,
18119,
18122,
18126,
18129,
18138,
18139,
18146,
18147,
18151,
18177,
18179,
18182,
18183,
18191,2304.0
18204,
18211,
18223,
18231,
18232,
18233,
18237,3730.0
18241,
18243,
18245,
18248,
18251,
18255,
18256,
18264,
18276,
18278,3734.0
18280,
18281,
18294,3730.0
18296,
18297,
18301,
18306,
18308,
18313,
18323,
18325,
18326,
18329,3733.0
18333,
18339,
18355,
18367,
18369,
18379,
18401,
18418,
18423,
18429,
18431,
18438,
18439,
18441,
18455,
18458,
18459,
18461,
18465,
18473,
18475,
18476,
18482,
18483,
18484,
18486,
18493,
18497,
18499,
18505,
18506,2034.0
18511,
18524,
18525,
18532,
18533,
18550,
18567,
18568,
18576,
18588,
18599,3735.0
18600,3735.0
18601,445.0
18602,445.0
18605,
18612,
18614,
18626,3730.0
18627,3730.0
18629,3730.0
18631,
18632,
18643,2034.0
18646,
18647,3741.0
18648,3730.0
18652,
18655,
18671,
18678,
18680,
18685,855.0
18690,
18691,
18692,
18695,
18704,
18724,
18728,
18762,
18767,
18769,
18780,
18784,
18785,
18789,
18807,
18808,
18809,
18810,
18814,
18823,
18828,
18847,3201.0
18849,
18850,
18877,
18879,
18885,
18894,
18905,
18906,2034.0
18907,2034.0
18908,2034.0
18920,
18924,
18927,
18935,
18944,
18945,
18956,
18971,
18974,
18976,
18977,
18978,
18983,
18994,
19010,
19013,
19016,
19018,1218.0
19020,
19025,
19030,
19045,
19052,
19059,3756.0
19062,
19067,
19073,
19079,
19087,
19093,
19097,
19103,
19109,
19112,
19114,
19115,
19126,
19130,
19131,
19134,
19147,
19157,
19160,
19164,
19167,
19171,
19175,
19179,
19181,
19190,
19205,1623.0
19214,
19221,
19226,
19231,855.0
19233,855.0
19236,
19237,
19244,
19262,
19263,
19265,
19266,
19272,
19277,
19281,
19282,
19284,
19285,
19286,
19300,
19302,
19307,
19312,
19321,
19322,
19323,
19333,
19337,
19341,
19342,
19343,
19344,
19345,
19358,
19368,
19375,
19376,
19377,
19385,
19386,
19390,
19391,
19395,
19396,
19416,
19419,
19433,
19439,
19444,
19449,
19450,
19453,
19454,
19460,
19465,
19466,
19471,
19474,
19479,
19483,
19512,
19522,
19523,
19524,
19527,
19539,4.0
19540,
19545,
19548,4.0
19591,
19596,3747.0
19608,
19610,
19612,
19613,
19620,
19622,
19626,
19628,
19629,
19631,
19635,
19640,
19646,
19652,
19654,
19670,
19671,
19678,
19680,
19690,
19693,
19699,
19702,4.0
19704,
19707,
19708,
19712,
19726,
19733,
19754,
19755,
19772,
19773,
19804,
19805,
19818,
19820,
19821,
19825,
19827,
19828,
19839,
19844,
19853,4.0
19856,
19866,
19874,
19877,
19882,
19884,
19887,
19893,
19895,
19897,
19902,
19924,
19933,
19946,
19955,
19959,
19965,
19976,
19983,
19988,3750.0
19989,3743.0
19990,3695.0
19991,3742.0
19995,
19997,
20009,1623.0
20010,4.0
20018,
20021,
20023,
20027,
20028,
20031,
20032,
20036,
20043,
20046,
20048,
20049,
20051,
20057,
20059,
20064,
20069,
20071,
20072,
20075,
20078,
20079,
20082,
20084,
20085,
20090,
20091,
20092,
20096,
20112,
20126,
20129,
20131,
20132,
20139,
20140,
20144,
20149,
20159,
20161,
20166,
20170,
20182,
20192,
20194,
20200,
20209,
20210,
20211,
20212,
20214,
20216,
20219,
20220,
20221,
20223,
20230,
20242,
20266,
20268,
20270,3744.0
20274,
20288,
20289,
20291,
20292,
20304,
20305,
20313,
20314,
20315,
20326,
20331,
20339,
20341,
20350,
20354,
20356,
20357,
20358,
20362,
20366,
20370,
20376,
20378,
20384,
20386,
20389,
20396,
20402,
20407,
20410,
20419,
20439,
20441,
20444,
20452,
20454,
20455,
20460,
20464,
20467,
20469,
20475,4.0
20480,
20483,
20486,
20501,
20516,
20519,
20520,
20525,
20526,
20530,
20532,
20533,
20540,
20542,
20543,
20545,
20553,
20562,
20564,
20565,
20568,
20569,
20571,
20575,
20578,
20580,
20581,
20585,
20593,
20596,
20597,
20600,
20604,3745.0
20605,2331.0
20612,
20622,
20627,
20638,
20641,
20643,
20645,
20646,
20648,
20649,
20650,
20662,
20667,
20668,
20669,
20670,
20675,
20677,
20678,
20685,
20694,
20702,
20707,
20711,
20721,
20729,
20739,
20760,
20761,
20762,
20769,
20772,
20774,
20798,
20819,
20829,3746.0
20832,
20836,
20845,
20850,
20856,
20858,
20859,
20863,
20864,
20865,
20866,
20869,
20874,
20879,
20883,
20885,
20900,
20907,
20908,
20910,
20911,
20912,
20914,
20915,
20916,
20917,
20919,
20921,
20923,
20925,
20926,
20927,
20932,
20935,
20936,
20942,
20945,
20947,
20948,
20949,
20951,
20953,1693.0
20958,
20961,
20963,
20965,
20970,
20972,
20974,
20975,
20980,
20982,
20983,
20986,
20988,
20990,
21002,
21003,
21004,
21005,
21006,
21007,
21012,
21015,
21016,
21017,
21024,
21025,
21026,
21031,
21032,
21033,
21036,
21037,
21038,
21040,
21041,
21046,
21047,
21054,
21062,
21074,
21076,
21077,
21078,
21079,
21081,
21082,
21085,
21086,
21088,
21089,
21090,
21091,
21092,
21094,
21095,
21100,
21102,
21103,
21105,
21106,
21110,
21111,
21115,
21118,
21119,
21120,
21124,
21125,
21126,
21128,
21130,
21133,
21134,
21135,
21138,
21139,
21143,
21144,
21147,
21148,
21150,
21156,
21160,
21163,
21164,
21169,
21179,
21181,
21183,
21184,
21188,
21191,
21192,
21199,
21210,
21211,
21222,
21223,
21229,
21231,
21232,
21233,
21235,
21236,
21237,
21243,
21250,
21251,
21252,
21253,
21255,
21256,
21258,
21260,
21261,
21263,
21264,
21266,
21268,
21271,
21273,
21274,
21277,
21278,
21279,
21281,
21282,
21283,
21290,
21291,
21292,
21294,
21295,
21298,
21299,
21300,
21302,
21303,
21304,
21305,
21310,
21312,
21313,
21314,
21315,
21318,
21320,
21321,
21323,
21324,
21325,
21326,
21328,
21329,
21330,
21332,
21335,
21336,
21337,
21338,
21340,
21341,
21342,
21343,
21345,
21346,
21347,
21348,
21350,
21351,
21361,
21368,
21383,
21385,
21389,
21392,
21399,
21408,
21418,
21419,
21424,
21426,
21431,
21434,
21443,
21461,
21467,
21483,
21485,
21498,
21502,
21504,
21524,
21527,
21528,
21529,
21530,
21531,
21533,
21535,
21537,
21540,
21561,
21572,
21583,
21587,
21591,
21603,
21610,
21619,
21623,
21626,
21629,
21633,
21638,
21641,
21649,
21651,3752.0
21662,
21668,
21669,3759.0
21685,
21686,
21702,
21704,
21707,
21723,1623.0
21728,
21729,
21734,
21745,
21760,
21762,
21763,
21769,
21770,
21771,
21772,
21773,
21792,
21802,
21810,
21813,
21819,
21824,
21835,
21837,
21848,
21849,
21858,
21875,
21887,
21892,
21899,
21906,
21929,
21934,
21946,
21947,
21961,
21967,
21969,
21974,
21984,
22000,
22001,
22011,
22016,
22020,
22021,
22032,
22035,
22040,855.0
22048,
22058,
22060,
22065,
22088,
22091,
22099,
22102,
22106,
22111,209.0
22112,
22113,
22122,4.0
22123,
22132,
22136,
22143,
22154,
22165,
22174,
22184,
22194,
22197,
22210,
22216,
22220,
22231,
22242,
22245,
22246,
22247,
22254,
22263,
22265,
22266,
22283,
22284,
22292,
22304,
22306,
22307,1817.0
22338,
22350,
22351,
22353,
22355,
22359,
22373,
22374,
22378,
22382,
22385,
22389,
22392,
22394,
22407,
22411,
22414,
22415,
22416,
22417,
22422,3768.0
22426,
22439,
22441,
22444,
22450,
22454,
22463,
22473,
22477,
22493,
22498,
22499,
22510,
22511,
22512,
22513,
22518,
22522,
22531,
22533,
22541,
22544,
22545,
22546,
22554,
22557,
22559,3757.0
22565,
22572,
22573,
22586,
22597,
22599,
22607,
22615,
22618,
22620,
22622,
22627,
22630,
22633,
22636,
22643,
22646,
22652,
22654,
22657,
22661,
22663,
22668,
22669,
22683,
22696,
22697,
22699,
22703,
22704,
22707,
22715,
22717,
22720,
22722,
22723,
22724,
22725,
22726,
22728,
22731,
22738,
22739,
22748,
22754,
22757,
22759,
22760,
22765,
22774,
22775,
22782,
22804,2177.0
22806,4.0
22807,
22810,
22821,
22825,
22829,
22838,4.0
22855,
22859,
22860,
22863,
22866,
22872,
22873,
22874,
22881,
22899,
22901,
22904,
22916,
22918,
22919,
22923,
22930,
22931,
22936,
22939,
22940,
22955,
22956,
22958,
22960,
22961,
22962,3774.0
22983,
22985,
22987,
22990,3760.0
22995,
22998,
23010,
23016,
23020,
23037,
23050,
23074,
23079,
23081,
23086,
23087,
23088,
23099,
23103,
23107,
23109,
23110,
23111,
23120,
23137,
23166,
23182,
23203,
23209,
23222,
23224,
23232,
23233,
23249,3783.0
23250,
23256,
23263,
23278,
23285,
23287,
23291,
23292,
23294,
23299,
23301,
23304,3761.0
23313,
23317,
23320,
23322,
23324,
23327,
23329,
23339,
23341,
23350,
23351,
23353,
23355,
23358,
23367,
23380,
23382,
23383,
23389,
23390,
23401,
23405,
23409,
23410,
23411,
23412,
23415,
23423,
23424,
23450,
23452,
23457,
23473,
23476,
23478,
23486,
23491,
23496,
23508,
23511,
23520,
23521,
23522,
23523,
23525,
23526,
23527,
23538,
23548,
23549,
23550,
23556,
23558,
23563,
23585,
23593,
23600,
23601,
23611,
23613,
23614,
23622,
23623,
23633,
23637,
23638,
23652,3776.0
23661,
23662,
23665,
23674,
23675,
23678,
23679,
23682,
23685,
23686,
23700,
23710,
23717,
23721,
23725,
23733,2745.0
23735,
23738,
23740,
23742,
23755,
23758,
23764,
23775,
23777,
23791,
23793,
23796,
23800,
23805,
23812,
23814,
23823,1861.0
23825,
23831,
23836,
23837,
23846,
23847,
23862,
23870,3765.0
23871,
23888,
23899,
23900,
23906,
23914,
23915,
23916,
23917,
23918,
23919,
23920,
23924,
23926,
23928,
23932,
23934,
23936,
23945,
23946,
23948,
23950,
23951,
23954,
23957,
23967,
23970,
23974,
23975,
23980,
23982,
23985,
23991,
23992,
24009,
24015,
24023,
24026,
24028,
24032,
24034,
24039,
24040,
24042,
24044,
24045,
24047,
24048,
24050,
24064,
24068,
24074,
24076,
24078,
24079,
24082,
24084,
24086,
24094,
24099,
24103,
24104,
24107,
24117,
24121,
24123,
24125,
24140,
24141,
24142,
24147,
24149,
24150,
24153,
24161,
24163,
24171,
24181,
24184,
24185,
24201,
24212,
24214,
24215,
24227,
24230,
24232,
24233,
24235,
24236,
24237,
24240,
24241,
24245,
24251,
24252,
24257,
24262,
24263,
24265,
24270,
24276,
24277,
24280,
24281,
24282,
24286,3772.0
24293,
24296,
24298,
24301,
24307,
24309,
24310,
24311,
24313,
24323,
24325,
24327,
24334,
24348,
24356,
24373,
24377,
24380,
24392,
24397,
24410,
24420,
24421,
24429,
24439,
24445,
24455,
24462,
24463,
24464,
24469,
24475,
24492,
24494,
24500,
24512,
24514,
24517,
24521,
24531,
24532,
24534,
24535,
24539,4.0
24540,
24541,
24549,
24551,
24557,
24563,
24567,
24568,
24581,
24607,
24617,
24626,
24635,
24636,
24637,
24638,
24642,
24649,
24652,
24655,
24665,
24671,
24673,4.0
24678,
24679,
24682,
24683,
24689,
24691,
24699,
24706,
24707,
24708,
24709,
24710,
24714,
24716,
24721,
24726,
24728,
24732,
24734,
24735,
24737,
24740,
24741,
24746,
24747,
24750,
24752,
24753,
24754,
24755,
24759,
24761,
24764,
24772,3773.0
24776,
24778,
24780,
24796,
24798,
24800,3766.0
24805,
24830,
24838,
24840,
24853,
24854,
24859,
24867,
24883,
24886,
24891,
24892,
24898,
24903,
24904,
24905,
24907,
24911,3773.0
24935,
24938,
24939,
24944,
24950,
24951,
24952,
24968,
24969,
24982,
25017,
25021,
25023,
25046,
25059,
25060,
25066,
25070,
25072,
25073,
25078,
25108,
25120,
25123,
25133,
25174,
25191,
25197,
25199,
25212,
25220,
25225,4.0
25226,4.0
25232,
25258,
25261,
25288,
25291,
25297,
25299,
25301,
25302,
25303,
25313,
25321,
25335,
25341,
25343,
25344,
25346,
25347,
25348,
25349,
25360,
25376,
25380,
25381,
25383,2170.0
25389,
25398,
25401,4.0
25404,
25414,
25424,
25440,
25452,
25458,
25459,
25479,
25480,
25487,
25502,
25508,
25513,
25518,
25519,
25520,
25521,
25528,
25530,
25558,3773.0
25563,3773.0
25572,
25579,
25580,
25587,
25590,
25594,
25595,
25596,
25608,
25612,
25613,
25619,
25622,
25625,
25629,
25640,
25656,
25657,
25667,
25673,
25677,
25680,
25684,
25688,3773.0
25690,
25697,
25698,3773.0
25720,
25722,
25724,
25728,
25731,
25737,
25745,
25752,
25763,
25766,
25781,
25787,
25796,
25798,
25801,
25808,
25809,
25828,
25829,
25841,
25842,
25848,
25852,
25863,
25867,
25874,
25875,
25876,
25877,
25879,
25880,
25887,
25902,
25908,
25914,3775.0
25925,3770.0
25940,
25943,
25944,
25950,
25951,855.0
25954,3747.0
25964,
25974,
25980,3773.0
25981,
25983,
25984,
25990,
25991,
25993,
26000,
26001,
26002,
26035,
26036,
26045,
26046,
26049,
26050,
26051,
26069,
26074,
26078,
26079,4.0
26080,4.0
26082,4.0
26083,4.0
26089,
26101,
26102,
26110,
26124,
26132,
26146,
26167,
26169,
26171,
26178,
26183,
26184,
26186,
26188,
26192,
26196,
26202,
26205,
26209,
26211,
26217,
26218,
26219,
26223,
26238,
26259,
26277,
26284,
26288,
26290,3773.0
26305,
26317,
26319,
26325,
26327,
26338,
26342,
26343,
26347,
26348,
26357,
26358,
26370,
26372,
26376,
26421,
26423,
26428,
26429,
26431,
26443,
26445,
26447,
26448,
26452,
26454,
26464,
26470,
26475,
26478,4.0
26479,4.0
26480,4.0
26491,
26494,
26499,
26512,
26518,
26530,
26545,
26548,
26553,
26555,
26562,
26572,
26578,
26579,
26580,
26587,
26597,
26600,
26607,
26609,
26611,
26618,
26622,
26628,
26630,
26633,
26639,
26642,
26646,
26648,
26651,
26658,
26659,
26663,
26664,
26668,
26680,2734.0
26685,
26687,
26688,
26691,
26692,
26693,
26694,
26700,
26707,
26710,
26717,
26720,
26729,
26742,
26743,
26748,
26757,
26761,
26773,
26775,
26778,
26781,
26784,
26787,
26788,
26792,
26794,
26795,
26808,
26809,
26811,
26812,
26817,
26819,
26821,
26830,
26831,
26834,
26836,
26845,
26848,
26858,
26861,
26872,
26873,
26875,
26879,
26880,
26889,
26890,
26894,
26895,
26904,
26914,
26919,
26923,
26932,
26933,855.0
26936,
26937,
26938,
26940,
26943,
26945,
26959,
26967,
26976,
26977,
26981,
26983,
26984,
26987,
26991,
27000,
27007,
27011,
27014,
27015,
27032,
27033,
27035,
27036,
27037,
27038,
27039,
27040,
27041,
27046,
27051,
27057,
27074,
27075,
27079,
27086,
27087,
27091,
27097,
27099,
27114,
27124,
27126,
27128,
27132,
27133,
27138,
27140,
27141,
27149,
27150,
27151,
27154,
27169,
27175,
27177,
27180,
27187,
27189,
27198,
27201,
27209,
27215,
27227,
27231,
27233,3781.0
27236,
27257,
27260,
27263,
27282,
27289,
27290,
27306,
27312,
27314,
27318,
27322,
27323,
27327,
27333,
27349,
27354,
27355,
27356,
27370,
27374,
27377,
27379,
27391,
27395,
27400,
27418,
27419,
27420,
27422,
27426,
27429,
27434,
27438,
27441,
27453,
27465,
27467,
27472,
27474,
27483,
27520,
27527,
27528,
27543,
27560,
27570,
27575,
27616,
27618,
27623,
27624,
27625,
27638,
27639,
27641,
27643,
27644,
27647,
27655,
27662,
27672,
27696,
27697,
27700,
27711,
27713,
27714,
27719,
27723,
27732,
27734,
27736,2745.0
27737,
27738,
27741,
27745,
27747,
27748,
27750,
27751,
27753,
27754,
27769,
27781,
27782,
27783,3782.0
27784,
27800,
27809,
27810,
27825,
27835,
27838,
27842,
27843,
27847,
27857,
27859,
27864,
27870,
27871,
27878,
27887,
27891,
27904,
27906,
27907,
27920,
27923,3793.0
27924,
27927,
27929,
27935,1218.0
27936,
27941,
27942,
27945,
27949,
27962,
27969,
27989,
27992,
27994,
28000,
28003,
28007,4.0
28008,4.0
28009,4.0
28010,4.0
28011,4.0
28012,4.0
28016,
28023,
28027,
29028,
29030,
29035,
29041,
29042,
29043,
29044,
29053,
29055,
29056,
29066,
29070,
29071,
29076,3020.0
29086,
29087,
29104,
29105,
29106,
29108,
29112,
29130,
29131,
29142,
29143,
29144,
29146,
29148,
29149,
29150,
29166,
29172,
29173,
29174,
29175,
29176,
29178,
29193,
29195,
29212,
29235,
29260,
29275,
29282,
29286,
29309,
29318,
29320,
29332,
29335,
29339,
29343,
29347,
29352,
29353,
29363,
29375,
29377,
29381,
29385,
29390,
29392,
29405,
29414,
29416,
29421,
29433,
29434,
29441,
29443,
29464,
29467,
29476,
29477,
29478,
29483,
29485,
29486,
29489,
29493,
29496,
29497,
29504,
29505,
29514,
29518,
29523,
29525,
29531,
29532,
29533,
29536,
29552,
29555,
29561,
29563,
29568,
29569,
29574,
29576,
29578,
29587,
29594,817.0
29598,
29604,
29605,
29610,
29623,
29624,
29630,
29637,
29653,1817.0
29655,
29657,
29659,
29660,
29661,
29662,
29663,
29664,
29665,
29667,
29685,
29698,
29699,
29703,
29705,3784.0
29706,
29711,
29712,
29714,
29723,
29725,
29726,
29737,
29761,855.0
29762,855.0
29770,
29776,
29793,
29797,
29803,
29807,
29810,
29818,
29840,
29841,
29842,
29844,
29860,
29861,
29863,
29865,
29870,
29871,
29876,
29882,
29886,
29887,
29895,
29908,
29910,
29920,
29921,
29931,
29943,
29944,
29954,
29985,
30023,
30030,
30031,
30032,
30034,
30035,
30038,
30039,
30048,
30053,
30058,
30060,855.0
30067,3789.0
30082,
30084,
30090,
30091,
30094,
30103,
30106,
30118,
30120,
30123,
30127,
30129,
30133,
30134,
30139,
30143,
30150,
30164,
30183,
30186,
30191,
30193,
30198,2177.0
30200,
30201,3790.0
30210,
30215,
30216,
30241,
30259,
30263,
30309,
30313,
30318,
30328,
30331,
30344,
30358,
30385,
30399,
30411,
30415,
30422,
30425,
30429,
30431,
30435,
30437,
30443,
30445,
30448,
30462,
30463,
30466,
30473,
30486,
30492,
30494,
30510,
30512,
30522,
30523,
30524,
30527,
30528,
30531,
30534,
30536,
30540,
30545,
30550,
30551,
30567,
30568,
30572,
30581,
30585,
30591,
30605,
30606,
30610,
30623,
30626,
30634,
30639,
30650,
30653,
30659,
30660,
30661,
30664,
30687,
30688,
30698,
30699,
30700,
30719,
30722,
30728,
30734,
30736,
30747,
30748,
30749,
30755,
30757,
30758,
30788,
30793,
30801,
30811,
30812,
30821,
30826,
30833,
30841,
30846,
30849,
30850,
30862,
30874,
30894,3791.0
30900,
30905,
30907,
30911,
30914,
30919,
30924,
30928,
30932,
30937,
30962,
30971,
30977,
30990,
30993,
30996,
30997,
31010,
31017,
31025,
31039,
31041,
31081,
31082,
31083,
31084,
31085,
31101,
31105,
31108,
31118,
31123,
31133,
31139,
31148,
31153,
31155,
31164,
31176,
31179,
31185,
31197,
31203,
31209,
31214,
31216,
31219,
31226,
31228,
31230,
31235,
31243,
31250,
31254,3794.0
31256,
31260,
31262,
31263,
31271,
31274,
31275,
31277,
31281,
31301,
31316,
31320,
31334,
31343,
31344,
31346,
31359,
31363,
31379,
31382,
31404,
31405,
31406,
31414,
31418,
31421,
31433,
31434,
31440,
31443,
31451,
31457,
31458,
31465,
31475,
31478,
31479,
31489,
31491,
31492,
31500,
31505,
31506,
31508,
31514,
31518,
31522,
31541,
31546,
31548,
31556,
31557,
31559,
31565,
31574,
31576,
31581,
31583,
31590,
31592,
31596,
31600,
31604,
31606,
31609,
31612,
31621,
31624,
31629,
31630,
31631,
31632,
31638,
31640,
31644,4.0
31648,
31651,
31657,
31660,
31666,
31668,
31680,
31683,
31687,
31693,
31695,
31703,1099.0
31707,
31710,
31736,
31738,
31745,
31749,
31752,
31755,
31756,
31773,
31779,3797.0
31792,
31799,
31810,
31817,
31820,
31822,
31827,
31833,
31843,
31844,
31847,
31854,
31857,
31859,
31861,
31862,
31865,
31876,
31877,
31881,
31894,
31897,
31898,
31911,
31916,
31919,
31926,
31927,
31933,
31937,
31939,
31940,
31950,
31960,
31967,
31972,
31979,
31982,
31988,
31991,
31992,
31997,
32013,
32025,
32027,
32030,
32034,
32042,
32047,
32051,
32053,3795.0
32057,
32062,
32073,
32081,
32086,
32093,
32094,
32099,
32103,
32104,
32105,
32111,
32118,
32119,
32123,
32124,
32125,
32126,
32132,
32135,
32141,
32143,
32147,
32152,2745.0
32163,
32170,
32176,
32178,
32183,
32190,
32193,
32195,
32223,
32224,
32230,
32237,
32239,
32242,
32251,
32255,
32261,
32265,
32272,
32276,
32277,
32281,
32283,
32284,
32288,
32289,
32291,
32300,
32302,
32305,
32311,
32317,
32337,
32347,
32349,
32351,
32358,
32373,
32377,
32378,
32379,
32381,
32383,
32391,
32392,
32393,
32400,
32401,
32402,
32403,
32406,
32409,
32427,
32436,
32437,
32440,
32441,
32452,
32455,
32456,
32464,
32465,
32475,
32477,
32482,
32484,
32485,
32500,
32505,
32506,
32513,
32522,
32524,
32542,
32548,
32550,
32554,
32559,
32563,
32564,
32569,
32583,
32586,
32591,
32592,
32597,
32599,
32604,
32607,
32610,
32612,
32615,
32616,
32629,
32633,
32640,
32642,
32649,
32654,
32656,
32657,
32661,
32677,
32690,
32691,
32698,
32699,
32701,
32702,
32703,
32706,
32707,
32710,
32714,
32719,
32721,
32727,
32728,
32738,
32742,
32757,
32758,
32762,
32771,
32773,
32797,
32802,
32804,
32811,
32814,
32817,
32826,
32827,
32834,
32838,
32840,
32841,
32842,
32845,
32847,
32860,
32862,
32868,
32871,
32892,
32893,
32895,
32900,
32904,
32926,
32936,
32941,
32944,
32945,
32949,
32955,
32956,
32957,
32965,
32969,
32974,
32977,
32981,
32987,
32990,
32994,
33002,
33004,
33006,
33017,
33028,
33033,
33034,
33037,
33039,
33044,
33049,
33060,
33061,
33063,
33064,
33068,
33069,
33072,
33075,
33077,
33078,
33079,
33089,
33092,
33101,4.0
33102,4.0
33103,4.0
33104,4.0
33105,4.0
33106,4.0
33107,4.0
33119,
33120,
33122,
33130,
33133,
33148,
33151,
33173,
33177,
33182,
33189,
33191,
33192,
33193,
33195,
33197,
33204,
33215,
33221,
33226,
33244,
33245,
33246,3747.0
33247,
33249,
33250,
33252,
33264,
33266,
33269,
33270,
33290,
33306,
33312,
33317,2567.0
33332,
33337,
33339,
33347,
33349,
33350,
33351,
33352,
33353,
33364,
33365,
33367,
33374,
33400,
33416,
33418,
33431,
33437,
33439,
33443,
33444,
33446,
33447,
33450,
33453,
33459,
33461,
33462,
33466,
33467,
33475,
33497,
33498,
33500,
33501,
33506,
33508,
33516,
33517,
33521,
33523,
33525,
33537,
33549,
33550,
33551,
33554,
33567,
33580,
33592,
33593,
33607,3798.0
33611,
33629,
33630,
33631,
33633,
33638,
33643,
33644,
33647,
33656,
33657,3802.0
33665,
33667,
33672,
33676,
33679,2567.0
33689,
33697,
33704,
33717,
33727,
33728,
33729,
33737,
33749,
33764,
33766,
33767,
33768,
33778,
33781,
33794,
33828,
33838,
33842,
33843,2567.0
33854,
33855,
33857,
33862,
33864,
33867,
33871,
33874,
33878,
33886,
33898,
33903,
33904,
33905,
33908,
33925,
33936,
33952,
33974,
33981,
33989,
34004,
34013,
34017,
34024,
34028,
34031,
34034,
34038,
34044,
34045,
34048,
34055,
34058,
34059,
34060,
34068,
34073,
34083,
34093,
34097,
34103,
34108,
34116,
34131,
34133,
34137,
34142,
34145,
34150,
34151,
34153,
34159,
34160,
34162,
34163,
34164,
34165,
34166,
34172,
34177,
34178,
34179,
34181,
34184,
34185,
34189,
34198,
34200,
34208,
34215,
34219,
34224,
34226,
34229,
34234,
34244,
34247,
34252,
34253,
34259,
34263,
34268,
34270,
34273,
34277,
34290,
34295,
34297,
34308,
34312,
34337,
34339,
34340,
34341,
34342,
34346,
34347,
34348,
34353,
34355,
34359,
34360,
34361,
34363,
34366,
34370,
34375,2567.0
34384,
34405,
34407,
34419,4.0
34425,
34426,
34431,
34439,
34443,
34448,
34456,
34461,
34478,
34493,
34500,
34503,
34507,
34510,
34513,
34516,
34519,
34520,
34523,
34524,
34525,
34526,
34531,
34534,
34538,4.0
34542,4.0
34564,
34570,
34572,
34573,
34574,
34580,
34583,
34588,
34595,
34596,
34598,
34600,
34610,
34614,
34626,
34627,
34635,
34636,
34639,
34642,
34643,
34649,
34651,
34653,
34654,
34665,
34668,
34676,
34678,
34681,
34685,
34686,
34688,
34689,
34713,
34720,
34725,
34727,
34730,
34735,
34738,
34746,
34762,
34763,
34768,
34776,
34778,
34785,
34786,
34787,
34788,
34790,
34794,
34822,
34832,
34833,
34834,
34845,
34851,
34862,
34869,
34870,
34879,
34886,
34897,
34898,
34899,
34903,
34907,
34909,
34910,
34914,
34922,
34929,
34930,
34954,
34958,
34959,
34970,1623.0
34979,
34985,
34991,
34994,
35004,
35007,
35010,
35014,
35015,
35037,
35043,
35058,
35064,
35073,
35074,
35083,
35092,
35093,
35099,
35110,
35111,
35122,
35130,
35131,
35133,
35136,
35145,
35146,
35150,2567.0
35157,
35166,
35169,
35175,
35184,
35185,
35186,
35195,
35197,
35200,
35214,
35220,
35245,
35251,
35259,
35268,
35270,
35272,4.0
35278,
35288,
35291,
35297,
35305,
35306,
35313,
35321,
35326,
35327,
35347,
35354,
35361,
35364,
35366,
35367,
35371,
35373,
35376,
35384,
35385,
35390,
35401,
35407,
35410,
35420,
35421,
35427,
35429,
35430,
35432,
35439,
35446,
35448,
35453,
35461,
35464,
35467,
35471,
35472,
35476,3803.0
35481,
35485,
35489,
35504,
35510,
35511,
35524,
35546,
35561,
35575,
35594,
35598,
35604,
35606,
35613,
35628,
35634,
35636,
35637,
35638,
35640,
35655,
35663,
35681,
35684,
35685,
35700,
35702,
35715,
35724,
35725,
35732,
35735,
35739,
35743,
35745,
35752,
35755,
35756,
35763,
35768,
35776,
35779,855.0
35781,
35785,
35791,
35797,
35798,
35809,
35811,
35816,
35817,
35818,
35826,
35832,
35837,
35839,
35846,
35850,
35852,
35853,
35857,
35864,
35888,
35893,
35894,
35896,
35909,
35916,
35923,
35924,
35925,
35941,
35946,
35947,
35955,
35962,
35965,
35972,
35978,
35991,
35995,
35999,
36007,
36010,
36015,
36032,
36034,
36035,
36039,
36048,
36060,
36062,
36068,
36070,
